country_iso3,measure,sex_own,entr_size,transaction_type,unit_measure,prices,unit_mult,country,year,value,obs_status,decimals,region_code
ESP,LOAN,_Z,SME,NEW,PT_ENT,_Z,0,ESP,2007,39.75782038,A,2,NA
ESP,LOAN_ST,_Z,T,OUTSTANDING,PT_ENT,_Z,0,ESP,2007,96.1928934,A,2,NA
ESP,INTEREST_RATE,_Z,LRG,_Z,PA,_Z,0,ESP,2007,5.33,A,2,NA
ESP,INTEREST_RATE,_Z,SME,_Z,PA,_Z,0,ESP,2007,5.96,A,2,NA
ESP,INTEREST_RATE_SPREAD,_Z,SME,_Z,PD,_Z,0,ESP,2007,0.63,A,2,NA
ESP,BANKRUPTCIES,_Z,SME,NEW,ENT,_Z,0,ESP,2007,894,A,0,NA
ESP,PAYMENT_DELAYS,_Z,T,_Z,D,_Z,0,ESP,2007,5,A,0,NA
ESP,LOAN,_Z,T,NEW,EUR,V,9,ESP,2007,991,A,1,NA
ESP,LOAN,_Z,T,OUTSTANDING,EUR,V,9,ESP,2007,892.99,A,1,NA
ESP,LOAN,_Z,SME,NEW,EUR,V,9,ESP,2007,394,A,1,NA
ESP,LOAN_ST,_Z,SME,OUTSTANDING,EUR,V,9,ESP,2007,379,A,1,NA
ESP,LOAN_LT,_Z,SME,OUTSTANDING,EUR,V,9,ESP,2007,15,A,1,NA
ESP,LOAN_GOV_GUARANTEED,_Z,SME,_Z,EUR,V,6,ESP,2007,5210,A,1,NA
ESP,LOAN_GOV_DIRECT,_Z,SME,_Z,EUR,V,6,ESP,2007,10103,A,1,NA
ESP,LOAN_GOV_GUARANTEES,_Z,SME,_Z,EUR,V,6,ESP,2007,5550,A,1,NA
ESP,LOAN,_Z,SME,NEW,PT_ENT,_Z,0,ESP,2008,38.42841765,A,2,NA
ESP,LOAN_ST,_Z,T,OUTSTANDING,PT_ENT,_Z,0,ESP,2008,96.91876751,A,2,NA
ESP,INTEREST_RATE,_Z,LRG,_Z,PA,_Z,0,ESP,2008,4.3,A,2,NA
ESP,INTEREST_RATE,_Z,SME,_Z,PA,_Z,0,ESP,2008,5.51,A,2,NA
ESP,BANKRUPTCIES,_Z,SME,NEW,GR,_Z,0,ESP,2008,185.2348993,A,2,NA
ESP,INTEREST_RATE_SPREAD,_Z,SME,_Z,PD,_Z,0,ESP,2008,1.21,A,2,NA
ESP,BANKRUPTCIES,_Z,SME,NEW,ENT,_Z,0,ESP,2008,2550,A,0,NA
ESP,PAYMENT_DELAYS,_Z,T,_Z,D,_Z,0,ESP,2008,5,A,0,NA
ESP,LOAN,_Z,T,OUTSTANDING,EUR,V,9,ESP,2008,952.075,A,1,NA
ESP,LOAN,_Z,SME,NEW,EUR,V,9,ESP,2008,357,A,1,NA
ESP,LOAN,_Z,T,NEW,EUR,V,9,ESP,2008,929,A,1,NA
ESP,VC,_Z,T,_Z,EUR,V,9,ESP,2008,3336,A,1,NA
ESP,LOAN_ST,_Z,SME,OUTSTANDING,EUR,V,9,ESP,2008,346,A,1,NA
ESP,LOAN_LT,_Z,SME,OUTSTANDING,EUR,V,9,ESP,2008,11,A,1,NA
ESP,LOAN_GOV_GUARANTEED,_Z,SME,_Z,EUR,V,6,ESP,2008,7053,A,1,NA
ESP,LOAN_GOV_DIRECT,_Z,SME,_Z,EUR,V,6,ESP,2008,12384,A,1,NA
ESP,LOAN_GOV_GUARANTEES,_Z,SME,_Z,EUR,V,6,ESP,2008,7700,A,1,NA
ESP,LOAN,_Z,SME,NEW,PT_ENT,_Z,0,ESP,2009,30.29953917,A,2,NA
ESP,LOAN_ST,_Z,T,OUTSTANDING,PT_ENT,_Z,0,ESP,2009,93.53612167,A,2,NA
ESP,LOAN_APPLICATIONS,_Z,SME,_Z,PT_ENT,_Z,0,ESP,2009,38.07,A,2,NA
ESP,LOAN_REJECTION,_Z,SME,_Z,PT_ENT,_Z,0,ESP,2009,22.74,A,2,NA
ESP,INTEREST_RATE,_Z,LRG,_Z,PA,_Z,0,ESP,2009,2.16,A,2,NA
ESP,INTEREST_RATE,_Z,SME,_Z,PA,_Z,0,ESP,2009,3.63,A,2,NA
ESP,BANKRUPTCIES,_Z,SME,NEW,GR,_Z,0,ESP,2009,75.01960784,A,2,NA
ESP,VC,_Z,T,_Z,GR,_Z,0,ESP,2009,7.793764988,A,2,NA
ESP,INTEREST_RATE_SPREAD,_Z,SME,_Z,PD,_Z,0,ESP,2009,1.47,A,2,NA
ESP,BANKRUPTCIES,_Z,SME,NEW,ENT,_Z,0,ESP,2009,4463,A,0,NA
ESP,PAYMENT_DELAYS,_Z,T,_Z,D,_Z,0,ESP,2009,14,A,0,NA
ESP,LOAN,_Z,T,NEW,EUR,V,9,ESP,2009,868,A,1,NA
ESP,LOAN,_Z,T,OUTSTANDING,EUR,V,9,ESP,2009,915.105,A,1,NA
ESP,LOAN,_Z,SME,NEW,EUR,V,9,ESP,2009,263,A,1,NA
ESP,VC,_Z,T,_Z,EUR,V,9,ESP,2009,3596,A,1,NA
ESP,LOAN_ST,_Z,SME,OUTSTANDING,EUR,V,9,ESP,2009,246,A,1,NA
ESP,LOAN_LT,_Z,SME,OUTSTANDING,EUR,V,9,ESP,2009,17,A,1,NA
ESP,LOAN_GOV_GUARANTEED,_Z,SME,_Z,EUR,V,6,ESP,2009,5906,A,1,NA
ESP,LOAN_GOV_DIRECT,_Z,SME,_Z,EUR,V,6,ESP,2009,19916,A,1,NA
ESP,LOAN_GOV_GUARANTEES,_Z,SME,_Z,EUR,V,6,ESP,2009,11000,A,1,NA
ESP,LOAN,_Z,SME,NEW,PT_ENT,_Z,0,ESP,2010,31.57894737,A,2,NA
ESP,NPL,_Z,T,OUTSTANDING,PT_ENT,_Z,0,ESP,2010,5.81,A,2,NA
ESP,LOAN_ST,_Z,T,OUTSTANDING,PT_ENT,_Z,0,ESP,2010,93.33333333,A,2,NA
ESP,LOAN_APPLICATIONS,_Z,SME,_Z,PT_ENT,_Z,0,ESP,2010,36.25,A,2,NA
ESP,LOAN_COLLATERAL,_Z,SME,_Z,PT_ENT,_Z,0,ESP,2010,35.19,A,2,NA
ESP,LOAN_REJECTION,_Z,SME,_Z,PT_ENT,_Z,0,ESP,2010,15.87,A,2,NA
ESP,INTEREST_RATE,_Z,LRG,_Z,PA,_Z,0,ESP,2010,2.57,A,2,NA
ESP,INTEREST_RATE,_Z,SME,_Z,PA,_Z,0,ESP,2010,3.78,A,2,NA
ESP,BANKRUPTCIES,_Z,SME,NEW,GR,_Z,0,ESP,2010,-6.184181044,A,2,NA
ESP,VC,_Z,T,_Z,GR,_Z,0,ESP,2010,0.111234705,A,2,NA
ESP,INTEREST_RATE_SPREAD,_Z,SME,_Z,PD,_Z,0,ESP,2010,1.21,A,2,NA
ESP,BANKRUPTCIES,_Z,SME,NEW,ENT,_Z,0,ESP,2010,4187,A,0,NA
ESP,PAYMENT_DELAYS,_Z,T,_Z,D,_Z,0,ESP,2010,12,A,0,NA
ESP,LOAN,_Z,T,NEW,EUR,V,9,ESP,2010,665,A,1,NA
ESP,LOAN,_Z,T,OUTSTANDING,EUR,V,9,ESP,2010,895.894,A,1,NA
ESP,LOAN,_Z,SME,NEW,EUR,V,9,ESP,2010,210,A,1,NA
ESP,VC,_Z,T,_Z,EUR,V,9,ESP,2010,3600,A,1,NA
ESP,LOAN_ST,_Z,SME,OUTSTANDING,EUR,V,9,ESP,2010,196,A,1,NA
ESP,LOAN_LT,_Z,SME,OUTSTANDING,EUR,V,9,ESP,2010,14,A,1,NA
ESP,LOAN_GOV_GUARANTEED,_Z,SME,_Z,EUR,V,6,ESP,2010,7236,A,1,NA
ESP,LOAN_GOV_DIRECT,_Z,SME,_Z,EUR,V,6,ESP,2010,23740,A,1,NA
ESP,LOAN_GOV_GUARANTEES,_Z,SME,_Z,EUR,V,6,ESP,2010,10100,A,1,NA
ESP,LOAN,_Z,SME,NEW,PT_ENT,_Z,0,ESP,2011,33.0170778,A,2,NA
ESP,NPL,_Z,T,OUTSTANDING,PT_ENT,_Z,0,ESP,2011,7.84,A,2,NA
ESP,LOAN_ST,_Z,T,OUTSTANDING,PT_ENT,_Z,0,ESP,2011,95.40229885,A,2,NA
ESP,LOAN_APPLICATIONS,_Z,SME,_Z,PT_ENT,_Z,0,ESP,2011,34.67,A,2,NA
ESP,LOAN_COLLATERAL,_Z,SME,_Z,PT_ENT,_Z,0,ESP,2011,34.36,A,2,NA
ESP,LOAN_REJECTION,_Z,SME,_Z,PT_ENT,_Z,0,ESP,2011,12.83,A,2,NA
ESP,INTEREST_RATE,_Z,LRG,_Z,PA,_Z,0,ESP,2011,3.36,A,2,NA
ESP,INTEREST_RATE,_Z,SME,_Z,PA,_Z,0,ESP,2011,4.95,A,2,NA
ESP,BANKRUPTCIES,_Z,SME,NEW,GR,_Z,0,ESP,2011,17.31550036,A,2,NA
ESP,VC,_Z,T,_Z,GR,_Z,0,ESP,2011,-25.69444444,A,2,NA
ESP,INTEREST_RATE_SPREAD,_Z,SME,_Z,PD,_Z,0,ESP,2011,1.59,A,2,NA
ESP,BANKRUPTCIES,_Z,SME,NEW,ENT,_Z,0,ESP,2011,4912,A,0,NA
ESP,PAYMENT_DELAYS,_Z,T,_Z,D,_Z,0,ESP,2011,6,A,0,NA
ESP,LOAN,_Z,T,NEW,EUR,V,9,ESP,2011,527,A,1,NA
ESP,LOAN,_Z,T,OUTSTANDING,EUR,V,9,ESP,2011,840.402,A,1,NA
ESP,LOAN,_Z,SME,NEW,EUR,V,9,ESP,2011,174,A,1,NA
ESP,VC,_Z,T,_Z,EUR,V,9,ESP,2011,2675,A,1,NA
ESP,LOAN_ST,_Z,SME,OUTSTANDING,EUR,V,9,ESP,2011,166,A,1,NA
ESP,LOAN_LT,_Z,SME,OUTSTANDING,EUR,V,9,ESP,2011,8,A,1,NA
ESP,LOAN_GOV_GUARANTEED,_Z,SME,_Z,EUR,V,6,ESP,2011,7502,A,1,NA
ESP,LOAN_GOV_DIRECT,_Z,SME,_Z,EUR,V,6,ESP,2011,26221,A,1,NA
ESP,LOAN_GOV_GUARANTEES,_Z,SME,_Z,EUR,V,6,ESP,2011,12000,A,1,NA
ESP,LOAN,_Z,SME,NEW,PT_ENT,_Z,0,ESP,2012,30.10309278,A,2,NA
ESP,NPL,_Z,T,OUTSTANDING,PT_ENT,_Z,0,ESP,2012,10.43,A,2,NA
ESP,LOAN_ST,_Z,T,OUTSTANDING,PT_ENT,_Z,0,ESP,2012,95.20547945,A,2,NA
ESP,LOAN_APPLICATIONS,_Z,SME,_Z,PT_ENT,_Z,0,ESP,2012,31.89,A,2,NA
ESP,LOAN_COLLATERAL,_Z,SME,_Z,PT_ENT,_Z,0,ESP,2012,31.45,A,2,NA
ESP,LOAN_REJECTION,_Z,SME,_Z,PT_ENT,_Z,0,ESP,2012,18.47,A,2,NA
ESP,INTEREST_RATE,_Z,LRG,_Z,PA,_Z,0,ESP,2012,2.61,A,2,NA
ESP,INTEREST_RATE,_Z,SME,_Z,PA,_Z,0,ESP,2012,4.91,A,2,NA
ESP,BANKRUPTCIES,_Z,SME,NEW,GR,_Z,0,ESP,2012,34.91449511,A,2,NA
ESP,VC,_Z,T,_Z,GR,_Z,0,ESP,2012,-19.81308411,A,2,NA
ESP,INTEREST_RATE_SPREAD,_Z,SME,_Z,PD,_Z,0,ESP,2012,2.3,A,2,NA
ESP,BANKRUPTCIES,_Z,SME,NEW,ENT,_Z,0,ESP,2012,6627,A,0,NA
ESP,PAYMENT_DELAYS,_Z,T,_Z,D,_Z,0,ESP,2012,9,A,0,NA
ESP,LOAN,_Z,T,NEW,EUR,V,9,ESP,2012,485,A,1,NA
ESP,LOAN,_Z,T,OUTSTANDING,EUR,V,9,ESP,2012,707.945,A,1,NA
ESP,LOAN,_Z,SME,NEW,EUR,V,9,ESP,2012,146,A,1,NA
ESP,VC,_Z,T,_Z,EUR,V,9,ESP,2012,2145,A,1,NA
ESP,LOAN_ST,_Z,SME,OUTSTANDING,EUR,V,9,ESP,2012,139,A,1,NA
ESP,LOAN_LT,_Z,SME,OUTSTANDING,EUR,V,9,ESP,2012,7,A,1,NA
ESP,LOAN_GOV_GUARANTEED,_Z,SME,_Z,EUR,V,6,ESP,2012,4974,A,1,NA
ESP,LOAN_GOV_DIRECT,_Z,SME,_Z,EUR,V,6,ESP,2012,23599,A,1,NA
ESP,LOAN_GOV_GUARANTEES,_Z,SME,_Z,EUR,V,6,ESP,2012,11000,A,1,NA
ESP,LOAN,_Z,SME,NEW,PT_ENT,_Z,0,ESP,2013,34.09669211,A,2,NA
ESP,NPL,_Z,T,OUTSTANDING,PT_ENT,_Z,0,ESP,2013,13.62,A,2,NA
ESP,LOAN_ST,_Z,T,OUTSTANDING,PT_ENT,_Z,0,ESP,2013,93.33333333,A,2,NA
ESP,LOAN_APPLICATIONS,_Z,SME,_Z,PT_ENT,_Z,0,ESP,2013,31.49,A,2,NA
ESP,LOAN_COLLATERAL,_Z,SME,_Z,PT_ENT,_Z,0,ESP,2013,30,A,2,NA
ESP,LOAN_REJECTION,_Z,SME,_Z,PT_ENT,_Z,0,ESP,2013,12.85,A,2,NA
ESP,INTEREST_RATE,_Z,LRG,_Z,PA,_Z,0,ESP,2013,2.69,A,2,NA
ESP,INTEREST_RATE,_Z,SME,_Z,PA,_Z,0,ESP,2013,4.79,A,2,NA
ESP,BANKRUPTCIES,_Z,SME,NEW,GR,_Z,0,ESP,2013,13.42990795,A,2,NA
ESP,VC,_Z,T,_Z,GR,_Z,0,ESP,2013,-31.32867133,A,2,NA
ESP,INTEREST_RATE_SPREAD,_Z,SME,_Z,PD,_Z,0,ESP,2013,2.1,A,2,NA
ESP,BANKRUPTCIES,_Z,SME,NEW,ENT,_Z,0,ESP,2013,7517,A,0,NA
ESP,PAYMENT_DELAYS,_Z,T,_Z,D,_Z,0,ESP,2013,16,A,0,NA
ESP,LOAN,_Z,T,NEW,EUR,V,9,ESP,2013,393,A,1,NA
ESP,LOAN,_Z,T,OUTSTANDING,EUR,V,9,ESP,2013,608.898,A,1,NA
ESP,LOAN,_Z,SME,NEW,EUR,V,9,ESP,2013,134,A,1,NA
ESP,VC,_Z,T,_Z,EUR,V,9,ESP,2013,1473,A,1,NA
ESP,LOAN_ST,_Z,SME,OUTSTANDING,EUR,V,9,ESP,2013,126,A,1,NA
ESP,LOAN_LT,_Z,SME,OUTSTANDING,EUR,V,9,ESP,2013,9,A,1,NA
ESP,LOAN_GOV_GUARANTEED,_Z,SME,_Z,EUR,V,6,ESP,2013,2064,A,1,NA
ESP,LOAN_GOV_DIRECT,_Z,SME,_Z,EUR,V,6,ESP,2013,23648,A,1,NA
ESP,LOAN_GOV_GUARANTEES,_Z,SME,_Z,EUR,V,6,ESP,2013,13000,A,1,NA
ESP,LOAN,_Z,SME,OUTSTANDING,PT_ENT,_Z,0,ESP,2014,53.79285528,A,2,NA
ESP,LOAN,_Z,SME,NEW,PT_ENT,_Z,0,ESP,2014,41.17647059,A,2,NA
ESP,NPL,_Z,T,OUTSTANDING,PT_ENT,_Z,0,ESP,2014,12.51,A,2,NA
ESP,LOAN_ST,_Z,T,OUTSTANDING,PT_ENT,_Z,0,ESP,2014,92.46575342,A,2,NA
ESP,LOAN_APPLICATIONS,_Z,SME,_Z,PT_ENT,_Z,0,ESP,2014,34.36,A,2,NA
ESP,LOAN_COLLATERAL,_Z,SME,_Z,PT_ENT,_Z,0,ESP,2014,31.22,A,2,NA
ESP,LOAN_REJECTION,_Z,SME,_Z,PT_ENT,_Z,0,ESP,2014,9.77,A,2,NA
ESP,INTEREST_RATE,_Z,LRG,_Z,PA,_Z,0,ESP,2014,1.99,A,2,NA
ESP,INTEREST_RATE,_Z,SME,_Z,PA,_Z,0,ESP,2014,3.86,A,2,NA
ESP,BANKRUPTCIES,_Z,SME,NEW,GR,_Z,0,ESP,2014,-32.20699747,A,2,NA
ESP,VC,_Z,T,_Z,GR,_Z,0,ESP,2014,52.54582485,A,2,NA
ESP,INTEREST_RATE_SPREAD,_Z,SME,_Z,PD,_Z,0,ESP,2014,1.87,A,2,NA
ESP,BANKRUPTCIES,_Z,SME,NEW,ENT,_Z,0,ESP,2014,5096,A,0,NA
ESP,PAYMENT_DELAYS,_Z,T,_Z,D,_Z,0,ESP,2014,11,A,0,NA
ESP,LOAN,_Z,T,NEW,EUR,V,9,ESP,2014,357,A,1,NA
ESP,LOAN,_Z,SME,OUTSTANDING,EUR,V,9,ESP,2014,293,A,1,NA
ESP,LOAN,_Z,T,OUTSTANDING,EUR,V,9,ESP,2014,544.682,A,1,NA
ESP,LOAN,_Z,SME,NEW,EUR,V,9,ESP,2014,147,A,1,NA
ESP,VC,_Z,T,_Z,EUR,V,9,ESP,2014,2247,A,1,NA
ESP,LOAN_ST,_Z,SME,OUTSTANDING,EUR,V,9,ESP,2014,135,A,1,NA
ESP,LOAN_LT,_Z,SME,OUTSTANDING,EUR,V,9,ESP,2014,11,A,1,NA
ESP,LOAN_GOV_GUARANTEED,_Z,SME,_Z,EUR,V,6,ESP,2014,938,A,1,NA
ESP,LOAN_GOV_DIRECT,_Z,SME,_Z,EUR,V,6,ESP,2014,22588,A,1,NA
ESP,LOAN_GOV_GUARANTEES,_Z,SME,_Z,EUR,V,6,ESP,2014,9100,A,1,NA
ESP,LOAN,_Z,SME,OUTSTANDING,PT_ENT,_Z,0,ESP,2015,49.85420543,A,2,NA
ESP,LOAN,_Z,SME,NEW,PT_ENT,_Z,0,ESP,2015,41.98473282,A,2,NA
ESP,NPL,_Z,T,OUTSTANDING,PT_ENT,_Z,0,ESP,2015,10.12,A,2,NA
ESP,LOAN_ST,_Z,T,OUTSTANDING,PT_ENT,_Z,0,ESP,2015,92.77108434,A,2,NA
ESP,LOAN_APPLICATIONS,_Z,SME,_Z,PT_ENT,_Z,0,ESP,2015,33.81,A,2,NA
ESP,LOAN_COLLATERAL,_Z,SME,_Z,PT_ENT,_Z,0,ESP,2015,28.24,A,2,NA
ESP,LOAN_REJECTION,_Z,SME,_Z,PT_ENT,_Z,0,ESP,2015,7.87,A,2,NA
ESP,INTEREST_RATE,_Z,LRG,_Z,PA,_Z,0,ESP,2015,1.97,A,2,NA
ESP,INTEREST_RATE,_Z,SME,_Z,PA,_Z,0,ESP,2015,3.01,A,2,NA
ESP,BANKRUPTCIES,_Z,SME,NEW,GR,_Z,0,ESP,2015,-22.93956044,A,2,NA
ESP,VC,_Z,T,_Z,GR,_Z,0,ESP,2015,-15.35380507,A,2,NA
ESP,INTEREST_RATE_SPREAD,_Z,SME,_Z,PD,_Z,0,ESP,2015,1.04,A,2,NA
ESP,BANKRUPTCIES,_Z,SME,NEW,ENT,_Z,0,ESP,2015,3927,A,0,NA
ESP,PAYMENT_DELAYS,_Z,T,_Z,D,_Z,0,ESP,2015,9,A,0,NA
ESP,LOAN,_Z,T,NEW,EUR,V,9,ESP,2015,393,A,1,NA
ESP,LOAN,_Z,SME,OUTSTANDING,EUR,V,9,ESP,2015,258,A,1,NA
ESP,LOAN,_Z,T,OUTSTANDING,EUR,V,9,ESP,2015,517.509,A,1,NA
ESP,LOAN,_Z,SME,NEW,EUR,V,9,ESP,2015,165,A,1,NA
ESP,VC,_Z,T,_Z,EUR,V,9,ESP,2015,1902,A,1,NA
ESP,LOAN_ST,_Z,SME,OUTSTANDING,EUR,V,9,ESP,2015,154,A,1,NA
ESP,LOAN_LT,_Z,SME,OUTSTANDING,EUR,V,9,ESP,2015,12,A,1,NA
ESP,LOAN_GOV_GUARANTEED,_Z,SME,_Z,EUR,V,6,ESP,2015,273,A,1,NA
ESP,LOAN_GOV_DIRECT,_Z,SME,_Z,EUR,V,6,ESP,2015,21481,A,1,NA
ESP,LOAN_GOV_GUARANTEES,_Z,SME,_Z,EUR,V,6,ESP,2015,7600,A,1,NA
ESP,LOAN,_Z,SME,OUTSTANDING,PT_ENT,_Z,0,ESP,2016,50.10141988,A,2,NA
ESP,LOAN,_Z,SME,NEW,PT_ENT,_Z,0,ESP,2016,52.63157895,A,2,NA
ESP,NPL,_Z,T,OUTSTANDING,PT_ENT,_Z,0,ESP,2016,9.11,A,2,NA
ESP,LOAN_ST,_Z,T,OUTSTANDING,PT_ENT,_Z,0,ESP,2016,90,A,2,NA
ESP,LOAN_APPLICATIONS,_Z,SME,_Z,PT_ENT,_Z,0,ESP,2016,32.8,A,2,NA
ESP,LOAN_COLLATERAL,_Z,SME,_Z,PT_ENT,_Z,0,ESP,2016,25.89,A,2,NA
ESP,LOAN_REJECTION,_Z,SME,_Z,PT_ENT,_Z,0,ESP,2016,6.95,A,2,NA
ESP,INTEREST_RATE,_Z,LRG,_Z,PA,_Z,0,ESP,2016,1.56,A,2,NA
ESP,INTEREST_RATE,_Z,SME,_Z,PA,_Z,0,ESP,2016,2.44,A,2,NA
ESP,BANKRUPTCIES,_Z,SME,NEW,GR,_Z,0,ESP,2016,-15.8390629,A,2,NA
ESP,VC,_Z,T,_Z,GR,_Z,0,ESP,2016,-0.841219769,A,2,NA
ESP,INTEREST_RATE_SPREAD,_Z,SME,_Z,PD,_Z,0,ESP,2016,0.88,A,2,NA
ESP,BANKRUPTCIES,_Z,SME,NEW,ENT,_Z,0,ESP,2016,3305,A,0,NA
ESP,PAYMENT_DELAYS,_Z,T,_Z,D,_Z,0,ESP,2016,7,A,0,NA
ESP,LOAN,_Z,T,NEW,EUR,V,9,ESP,2016,323,A,1,NA
ESP,LOAN,_Z,SME,OUTSTANDING,EUR,V,9,ESP,2016,247,A,1,NA
ESP,LOAN,_Z,T,OUTSTANDING,EUR,V,9,ESP,2016,493,A,1,NA
ESP,LOAN,_Z,SME,NEW,EUR,V,9,ESP,2016,170,A,1,NA
ESP,VC,_Z,T,_Z,EUR,V,9,ESP,2016,1886,A,1,NA
ESP,LOAN_ST,_Z,SME,OUTSTANDING,EUR,V,9,ESP,2016,153,A,1,NA
ESP,LOAN_LT,_Z,SME,OUTSTANDING,EUR,V,9,ESP,2016,17,A,1,NA
ESP,LOAN_GOV_GUARANTEED,_Z,SME,_Z,EUR,V,6,ESP,2016,109,A,1,NA
ESP,LOAN_GOV_DIRECT,_Z,SME,_Z,EUR,V,6,ESP,2016,20734,A,1,NA
ESP,LOAN_GOV_GUARANTEES,_Z,SME,_Z,EUR,V,6,ESP,2016,6500,A,1,NA
ESP,LOAN,_Z,SME,OUTSTANDING,PT_ENT,_Z,0,ESP,2017,51.57232704,A,2,NA
ESP,LOAN,_Z,SME,NEW,PT_ENT,_Z,0,ESP,2017,54.27728614,A,2,NA
ESP,NPL,_Z,T,OUTSTANDING,PT_ENT,_Z,0,ESP,2017,7.79,A,2,NA
ESP,LOAN_ST,_Z,T,OUTSTANDING,PT_ENT,_Z,0,ESP,2017,88.58695652,A,2,NA
ESP,LOAN_APPLICATIONS,_Z,SME,_Z,PT_ENT,_Z,0,ESP,2017,28.14,A,2,NA
ESP,LOAN_COLLATERAL,_Z,SME,_Z,PT_ENT,_Z,0,ESP,2017,26.04,A,2,NA
ESP,LOAN_REJECTION,_Z,SME,_Z,PT_ENT,_Z,0,ESP,2017,4.75,A,2,NA
ESP,INTEREST_RATE,_Z,LRG,_Z,PA,_Z,0,ESP,2017,1.56,A,2,NA
ESP,INTEREST_RATE,_Z,SME,_Z,PA,_Z,0,ESP,2017,2.15,A,2,NA
ESP,BANKRUPTCIES,_Z,SME,NEW,GR,_Z,0,ESP,2017,0.15128593,A,2,NA
ESP,VC,_Z,T,_Z,GR,_Z,0,ESP,2017,29.69247084,A,2,NA
ESP,INTEREST_RATE_SPREAD,_Z,SME,_Z,PD,_Z,0,ESP,2017,0.59,A,2,NA
ESP,BANKRUPTCIES,_Z,SME,NEW,ENT,_Z,0,ESP,2017,3310,A,0,NA
ESP,PAYMENT_DELAYS,_Z,T,_Z,D,_Z,0,ESP,2017,5,A,0,NA
ESP,LOAN,_Z,T,NEW,EUR,V,9,ESP,2017,339,A,1,NA
ESP,LOAN,_Z,SME,OUTSTANDING,EUR,V,9,ESP,2017,246,A,1,NA
ESP,LOAN,_Z,T,OUTSTANDING,EUR,V,9,ESP,2017,477,A,1,NA
ESP,LOAN,_Z,SME,NEW,EUR,V,9,ESP,2017,184,A,1,NA
ESP,VC,_Z,T,_Z,EUR,V,9,ESP,2017,2446,A,1,NA
ESP,LOAN_ST,_Z,SME,OUTSTANDING,EUR,V,9,ESP,2017,163,A,1,NA
ESP,LOAN_LT,_Z,SME,OUTSTANDING,EUR,V,9,ESP,2017,21,A,1,NA
ESP,LOAN_GOV_GUARANTEED,_Z,SME,_Z,EUR,V,6,ESP,2017,42,A,1,NA
ESP,LOAN_GOV_DIRECT,_Z,SME,_Z,EUR,V,6,ESP,2017,20525,A,1,NA
ESP,LOAN_GOV_GUARANTEES,_Z,SME,_Z,EUR,V,6,ESP,2017,3110,A,1,NA
ESP,LOAN,_Z,SME,OUTSTANDING,PT_ENT,_Z,0,ESP,2018,51.34529148,A,2,NA
ESP,LOAN,_Z,SME,NEW,PT_ENT,_Z,0,ESP,2018,50.43227666,A,2,NA
ESP,LOAN_ST,_Z,T,OUTSTANDING,PT_ENT,_Z,0,ESP,2018,89.71428571,A,2,NA
ESP,LOAN_APPLICATIONS,_Z,SME,_Z,PT_ENT,_Z,0,ESP,2018,28.6,A,2,NA
ESP,LOAN_COLLATERAL,_Z,SME,_Z,PT_ENT,_Z,0,ESP,2018,24.05,A,2,NA
ESP,LOAN_REJECTION,_Z,SME,_Z,PT_ENT,_Z,0,ESP,2018,5.95,A,2,NA
ESP,INTEREST_RATE,_Z,LRG,_Z,PA,_Z,0,ESP,2018,1.69,A,2,NA
ESP,INTEREST_RATE,_Z,SME,_Z,PA,_Z,0,ESP,2018,1.89,A,2,NA
ESP,BANKRUPTCIES,_Z,SME,NEW,GR,_Z,0,ESP,2018,1.087613293,A,2,NA
ESP,VC,_Z,T,_Z,GR,_Z,0,ESP,2018,21.99509403,A,2,NA
ESP,INTEREST_RATE_SPREAD,_Z,SME,_Z,PD,_Z,0,ESP,2018,0.2,A,2,NA
ESP,BANKRUPTCIES,_Z,SME,NEW,ENT,_Z,0,ESP,2018,3346,A,0,NA
ESP,PAYMENT_DELAYS,_Z,T,_Z,D,_Z,0,ESP,2018,2,A,0,NA
ESP,LOAN,_Z,T,NEW,EUR,V,9,ESP,2018,347,A,1,NA
ESP,LOAN,_Z,SME,OUTSTANDING,EUR,V,9,ESP,2018,229,A,1,NA
ESP,LOAN,_Z,T,OUTSTANDING,EUR,V,9,ESP,2018,446,A,1,NA
ESP,LOAN,_Z,SME,NEW,EUR,V,9,ESP,2018,175,A,1,NA
ESP,VC,_Z,T,_Z,EUR,V,9,ESP,2018,2984,A,1,NA
ESP,LOAN_ST,_Z,SME,OUTSTANDING,EUR,V,9,ESP,2018,157,A,1,NA
ESP,LOAN_LT,_Z,SME,OUTSTANDING,EUR,V,9,ESP,2018,18,A,1,NA
ESP,LOAN_GOV_GUARANTEED,_Z,SME,_Z,EUR,V,6,ESP,2018,30,A,1,NA
ESP,LOAN_GOV_DIRECT,_Z,SME,_Z,EUR,V,6,ESP,2018,20599,A,1,NA
ESP,LOAN,_Z,SME,OUTSTANDING,PT_ENT,_Z,0,ESP,2019,50.34482759,A,2,NA
ESP,LOAN,_Z,SME,NEW,PT_ENT,_Z,0,ESP,2019,50,A,2,NA
ESP,NPL,_Z,T,OUTSTANDING,PT_ENT,_Z,0,ESP,2019,4.79,A,2,NA
ESP,LOAN_ST,_Z,T,OUTSTANDING,PT_ENT,_Z,0,ESP,2019,90.1734104,A,2,NA
ESP,LOAN_APPLICATIONS,_Z,SME,_Z,PT_ENT,_Z,0,ESP,2019,33.87,A,2,NA
ESP,LOAN_COLLATERAL,_Z,SME,_Z,PT_ENT,_Z,0,ESP,2019,23.39,A,2,NA
ESP,LOAN_REJECTION,_Z,SME,_Z,PT_ENT,_Z,0,ESP,2019,4.38,A,2,NA
ESP,INTEREST_RATE,_Z,LRG,_Z,PA,_Z,0,ESP,2019,1.15,A,2,NA
ESP,INTEREST_RATE,_Z,SME,_Z,PA,_Z,0,ESP,2019,1.71,A,2,NA
ESP,BANKRUPTCIES,_Z,SME,NEW,GR,_Z,0,ESP,2019,11.89479976,A,2,NA
ESP,VC,_Z,T,_Z,GR,_Z,0,ESP,2019,40.61662198,A,2,NA
ESP,INTEREST_RATE_SPREAD,_Z,SME,_Z,PD,_Z,0,ESP,2019,0.56,A,2,NA
ESP,BANKRUPTCIES,_Z,SME,NEW,ENT,_Z,0,ESP,2019,3744,A,0,NA
ESP,LOAN,_Z,T,NEW,EUR,V,9,ESP,2019,348,A,1,NA
ESP,LOAN,_Z,SME,OUTSTANDING,EUR,V,9,ESP,2019,219,A,1,NA
ESP,LOAN,_Z,T,OUTSTANDING,EUR,V,9,ESP,2019,435,A,1,NA
ESP,LOAN,_Z,SME,NEW,EUR,V,9,ESP,2019,174,A,1,NA
ESP,VC,_Z,T,_Z,EUR,V,9,ESP,2019,4196,A,1,NA
ESP,LOAN_ST,_Z,SME,OUTSTANDING,EUR,V,9,ESP,2019,156,A,1,NA
ESP,LOAN_LT,_Z,SME,OUTSTANDING,EUR,V,9,ESP,2019,17,A,1,NA
ESP,LOAN_GOV_DIRECT,_Z,SME,_Z,EUR,V,6,ESP,2019,19589,A,1,NA
ESP,LOAN,_Z,SME,OUTSTANDING,PT_ENT,_Z,0,ESP,2020,51.16772824,A,2,NA
ESP,LOAN,_Z,SME,NEW,PT_ENT,_Z,0,ESP,2020,48.45938375,A,2,NA
ESP,NPL,_Z,T,OUTSTANDING,PT_ENT,_Z,0,ESP,2020,4.51,A,2,NA
ESP,LOAN_ST,_Z,T,OUTSTANDING,PT_ENT,_Z,0,ESP,2020,74.56647399,A,2,NA
ESP,LOAN_APPLICATIONS,_Z,SME,_Z,PT_ENT,_Z,0,ESP,2020,38.26,A,2,NA
ESP,LOAN_COLLATERAL,_Z,SME,_Z,PT_ENT,_Z,0,ESP,2020,20.79,A,2,NA
ESP,LOAN_REJECTION,_Z,SME,_Z,PT_ENT,_Z,0,ESP,2020,4.05,A,2,NA
ESP,INTEREST_RATE,_Z,LRG,_Z,PA,_Z,0,ESP,2020,1.39,A,2,NA
ESP,INTEREST_RATE,_Z,SME,_Z,PA,_Z,0,ESP,2020,1.71,A,2,NA
ESP,BANKRUPTCIES,_Z,SME,NEW,GR,_Z,0,ESP,2020,-6.303418803,A,2,NA
ESP,VC,_Z,T,_Z,GR,_Z,0,ESP,2020,-0.738798856,A,2,NA
ESP,INTEREST_RATE_SPREAD,_Z,SME,_Z,PD,_Z,0,ESP,2020,0.32,A,2,NA
ESP,BANKRUPTCIES,_Z,SME,NEW,ENT,_Z,0,ESP,2020,3508,A,0,NA
ESP,PAYMENT_DELAYS,_Z,T,_Z,D,_Z,0,ESP,2020,3,A,0,NA
ESP,LOAN,_Z,T,NEW,EUR,V,9,ESP,2020,357,A,1,NA
ESP,LOAN,_Z,SME,OUTSTANDING,EUR,V,9,ESP,2020,241,A,1,NA
ESP,LOAN,_Z,T,OUTSTANDING,EUR,V,9,ESP,2020,471,A,1,NA
ESP,LOAN,_Z,SME,NEW,EUR,V,9,ESP,2020,173,A,1,NA
ESP,VC,_Z,T,_Z,EUR,V,9,ESP,2020,4165,A,1,NA
ESP,LOAN_ST,_Z,SME,OUTSTANDING,EUR,V,9,ESP,2020,129,A,1,NA
ESP,LOAN_LT,_Z,SME,OUTSTANDING,EUR,V,9,ESP,2020,44,A,1,NA
ESP,LOAN_GOV_DIRECT,_Z,SME,_Z,EUR,V,6,ESP,2020,29709,A,1,NA
ESP,LOAN,_Z,SME,OUTSTANDING,PT_ENT,_Z,0,ESP,2021,50.10570825,A,2,NA
ESP,LOAN,_Z,SME,NEW,PT_ENT,_Z,0,ESP,2021,50.50167224,A,2,NA
ESP,NPL,_Z,T,OUTSTANDING,PT_ENT,_Z,0,ESP,2021,4.29,A,2,NA
ESP,LOAN_ST,_Z,T,OUTSTANDING,PT_ENT,_Z,0,ESP,2021,86.84210526,A,2,NA
ESP,LOAN_APPLICATIONS,_Z,SME,_Z,PT_ENT,_Z,0,ESP,2021,22.07,A,2,NA
ESP,LOAN_COLLATERAL,_Z,SME,_Z,PT_ENT,_Z,0,ESP,2021,19.16,A,2,NA
ESP,LOAN_REJECTION,_Z,SME,_Z,PT_ENT,_Z,0,ESP,2021,5.87,A,2,NA
ESP,INTEREST_RATE,_Z,LRG,_Z,PA,_Z,0,ESP,2021,1.04,A,2,NA
ESP,INTEREST_RATE,_Z,SME,_Z,PA,_Z,0,ESP,2021,1.56,A,2,NA
ESP,BANKRUPTCIES,_Z,SME,NEW,GR,_Z,0,ESP,2021,26.48232611,A,2,NA
ESP,VC,_Z,T,_Z,GR,_Z,0,ESP,2021,24.68187275,A,2,NA
ESP,INTEREST_RATE_SPREAD,_Z,SME,_Z,PD,_Z,0,ESP,2021,0.52,A,2,NA
ESP,BANKRUPTCIES,_Z,SME,NEW,ENT,_Z,0,ESP,2021,4437,A,0,NA
ESP,PAYMENT_DELAYS,_Z,T,_Z,D,_Z,0,ESP,2021,2,A,0,NA
ESP,LOAN,_Z,T,NEW,EUR,V,9,ESP,2021,299,A,1,NA
ESP,LOAN,_Z,SME,OUTSTANDING,EUR,V,9,ESP,2021,237,A,1,NA
ESP,LOAN,_Z,T,OUTSTANDING,EUR,V,9,ESP,2021,473,A,1,NA
ESP,LOAN,_Z,SME,NEW,EUR,V,9,ESP,2021,151,A,1,NA
ESP,VC,_Z,T,_Z,EUR,V,9,ESP,2021,5193,A,1,NA
ESP,LOAN_ST,_Z,SME,OUTSTANDING,EUR,V,9,ESP,2021,132,A,1,NA
ESP,LOAN_LT,_Z,SME,OUTSTANDING,EUR,V,9,ESP,2021,20,A,1,NA
ESP,LOAN_GOV_DIRECT,_Z,SME,_Z,EUR,V,6,ESP,2021,26186,A,1,NA
ESP,LOAN,_Z,SME,OUTSTANDING,PT_ENT,_Z,0,ESP,2022,48.5106383,A,2,NA
ESP,LOAN,_Z,SME,NEW,PT_ENT,_Z,0,ESP,2022,48.18941504,A,2,NA
ESP,NPL,_Z,T,OUTSTANDING,PT_ENT,_Z,0,ESP,2022,3.54,A,2,NA
ESP,LOAN_ST,_Z,T,OUTSTANDING,PT_ENT,_Z,0,ESP,2022,93.60465116,A,2,NA
ESP,LOAN_APPLICATIONS,_Z,SME,_Z,PT_ENT,_Z,0,ESP,2022,21.16,A,2,NA
ESP,LOAN_COLLATERAL,_Z,SME,_Z,PT_ENT,_Z,0,ESP,2022,18.85,A,2,NA
ESP,LOAN_REJECTION,_Z,SME,_Z,PT_ENT,_Z,0,ESP,2022,6.39,A,2,NA
ESP,INTEREST_RATE,_Z,LRG,_Z,PA,_Z,0,ESP,2022,3.23,A,2,NA
ESP,INTEREST_RATE,_Z,SME,_Z,PA,_Z,0,ESP,2022,3.44,A,2,NA
ESP,BANKRUPTCIES,_Z,SME,NEW,GR,_Z,0,ESP,2022,21.11787244,A,2,NA
ESP,INTEREST_RATE_SPREAD,_Z,SME,_Z,PD,_Z,0,ESP,2022,0.2,A,2,NA
ESP,BANKRUPTCIES,_Z,SME,NEW,ENT,_Z,0,ESP,2022,5374,A,0,NA
ESP,LOAN,_Z,T,NEW,EUR,V,9,ESP,2022,359,A,1,NA
ESP,LOAN,_Z,SME,OUTSTANDING,EUR,V,9,ESP,2022,228,A,1,NA
ESP,LOAN,_Z,T,OUTSTANDING,EUR,V,9,ESP,2022,470,A,1,NA
ESP,LOAN,_Z,SME,NEW,EUR,V,9,ESP,2022,173,A,1,NA
ESP,LOAN_ST,_Z,SME,OUTSTANDING,EUR,V,9,ESP,2022,161,A,1,NA
ESP,LOAN_LT,_Z,SME,OUTSTANDING,EUR,V,9,ESP,2022,11,A,1,NA
ESP,LOAN_GOV_DIRECT,_Z,SME,_Z,EUR,V,6,ESP,2022,24942,A,1,NA
EST,LOAN,_Z,SME,OUTSTANDING,PT_ENT,_Z,0,EST,2007,35.82550811,A,2,NA
EST,LOAN,_Z,SME,NEW,PT_ENT,_Z,0,EST,2007,42.08585348,A,2,NA
EST,NPL,_Z,T,OUTSTANDING,PT_ENT,_Z,0,EST,2007,0.605860959,A,2,NA
EST,NPL,_Z,SME,OUTSTANDING,PT_ENT,_Z,0,EST,2007,0.949308312,A,2,NA
EST,LOAN_ST,_Z,T,OUTSTANDING,PT_ENT,_Z,0,EST,2007,19.72529111,A,2,NA
EST,INTEREST_RATE,_Z,LRG,_Z,PA,_Z,0,EST,2007,5.681037733,A,2,NA
EST,INTEREST_RATE,_Z,SME,_Z,PA,_Z,0,EST,2007,6.107474596,A,2,NA
EST,INTEREST_RATE_SPREAD,_Z,SME,_Z,PD,_Z,0,EST,2007,0.426436862,A,2,NA
EST,BANKRUPTCIES,_Z,SME,NEW,ENT,_Z,0,EST,2007,202,A,0,NA
EST,PAYMENT_DELAYS,_Z,T,_Z,D,_Z,0,EST,2007,9,A,0,NA
EST,LOAN_LT,_Z,SME,OUTSTANDING,EUR,V,6,EST,2007,1955.586017,A,1,NA
EST,LOAN_ST,_Z,SME,OUTSTANDING,EUR,V,6,EST,2007,480.531216,A,1,NA
EST,LOAN_GOV_GUARANTEED,_Z,SME,_Z,EUR,V,6,EST,2007,48.61210331,A,1,NA
EST,LOAN_GOV_GUARANTEES,_Z,SME,_Z,EUR,V,6,EST,2007,22.78833108,A,1,NA
EST,FACTORING,_Z,T,_Z,EUR,V,6,EST,2007,1289.984352,A,1,NA
EST,LEASING,_Z,T,_Z,EUR,V,6,EST,2007,891.1743596,A,1,NA
EST,LOAN,_Z,T,OUTSTANDING,EUR,V,6,EST,2007,6799.951658,A,1,NA
EST,LOAN,_Z,T,NEW,EUR,V,6,EST,2007,8552.928461,A,1,NA
EST,LOAN,_Z,SME,OUTSTANDING,EUR,V,6,EST,2007,2436.117233,A,1,NA
EST,LOAN,_Z,SME,NEW,EUR,V,6,EST,2007,3599.57294,A,1,NA
EST,LOAN,_Z,SME,OUTSTANDING,PT_ENT,_Z,0,EST,2008,34.54670872,A,2,NA
EST,LOAN,_Z,SME,NEW,PT_ENT,_Z,0,EST,2008,48.21336646,A,2,NA
EST,NPL,_Z,T,OUTSTANDING,PT_ENT,_Z,0,EST,2008,3.708755534,A,2,NA
EST,NPL,_Z,SME,OUTSTANDING,PT_ENT,_Z,0,EST,2008,3.590324321,A,2,NA
EST,LOAN_ST,_Z,T,OUTSTANDING,PT_ENT,_Z,0,EST,2008,19.09431456,A,2,NA
EST,INTEREST_RATE,_Z,LRG,_Z,PA,_Z,0,EST,2008,6.130052032,A,2,NA
EST,INTEREST_RATE,_Z,SME,_Z,PA,_Z,0,EST,2008,6.709763324,A,2,NA
EST,BANKRUPTCIES,_Z,SME,NEW,GR,_Z,0,EST,2008,109.4059406,A,2,NA
EST,INTEREST_RATE_SPREAD,_Z,SME,_Z,PD,_Z,0,EST,2008,0.579711291,A,2,NA
EST,BANKRUPTCIES,_Z,SME,NEW,ENT,_Z,0,EST,2008,423,A,0,NA
EST,PAYMENT_DELAYS,_Z,T,_Z,D,_Z,0,EST,2008,8.1,A,0,NA
EST,LOAN_LT,_Z,SME,OUTSTANDING,EUR,V,6,EST,2008,2013.221042,A,1,NA
EST,LOAN_ST,_Z,SME,OUTSTANDING,EUR,V,6,EST,2008,475.1344191,A,1,NA
EST,LOAN_GOV_GUARANTEED,_Z,SME,_Z,EUR,V,6,EST,2008,39.46886379,A,1,NA
EST,LOAN_GOV_GUARANTEES,_Z,SME,_Z,EUR,V,6,EST,2008,23.25739715,A,1,NA
EST,FACTORING,_Z,T,_Z,EUR,V,6,EST,2008,1405.67285,A,1,NA
EST,LEASING,_Z,T,_Z,EUR,V,6,EST,2008,709.6275768,A,1,NA
EST,LOAN,_Z,T,OUTSTANDING,EUR,V,6,EST,2008,7202.87273,A,1,NA
EST,LOAN,_Z,T,NEW,EUR,V,6,EST,2008,7306.597406,A,1,NA
EST,LOAN,_Z,SME,OUTSTANDING,EUR,V,6,EST,2008,2488.355461,A,1,NA
EST,LOAN,_Z,SME,NEW,EUR,V,6,EST,2008,3522.756583,A,1,NA
EST,LOAN,_Z,SME,OUTSTANDING,PT_ENT,_Z,0,EST,2009,31.00817665,A,2,NA
EST,LOAN,_Z,SME,NEW,PT_ENT,_Z,0,EST,2009,47.70497389,A,2,NA
EST,NPL,_Z,T,OUTSTANDING,PT_ENT,_Z,0,EST,2009,8.761698518,A,2,NA
EST,NPL,_Z,SME,OUTSTANDING,PT_ENT,_Z,0,EST,2009,7.361969548,A,2,NA
EST,LOAN_ST,_Z,T,OUTSTANDING,PT_ENT,_Z,0,EST,2009,17.73537575,A,2,NA
EST,INTEREST_RATE,_Z,LRG,_Z,PA,_Z,0,EST,2009,4.205645708,A,2,NA
EST,INTEREST_RATE,_Z,SME,_Z,PA,_Z,0,EST,2009,5.342388756,A,2,NA
EST,BANKRUPTCIES,_Z,SME,NEW,GR,_Z,0,EST,2009,149.4089835,A,2,NA
EST,INTEREST_RATE_SPREAD,_Z,SME,_Z,PD,_Z,0,EST,2009,1.136743048,A,2,NA
EST,BANKRUPTCIES,_Z,SME,NEW,ENT,_Z,0,EST,2009,1055,A,0,NA
EST,PAYMENT_DELAYS,_Z,T,_Z,D,_Z,0,EST,2009,12.7,A,0,NA
EST,LOAN_LT,_Z,SME,OUTSTANDING,EUR,V,6,EST,2009,1749.291535,A,1,NA
EST,LOAN_ST,_Z,SME,OUTSTANDING,EUR,V,6,EST,2009,377.1286012,A,1,NA
EST,LOAN_GOV_GUARANTEED,_Z,SME,_Z,EUR,V,6,EST,2009,86.05830914,A,1,NA
EST,LOAN_GOV_GUARANTEES,_Z,SME,_Z,EUR,V,6,EST,2009,51.63714698,A,1,NA
EST,FACTORING,_Z,T,_Z,EUR,V,6,EST,2009,988.8369367,A,1,NA
EST,LEASING,_Z,T,_Z,EUR,V,6,EST,2009,222.7727288,A,1,NA
EST,LOAN,_Z,T,OUTSTANDING,EUR,V,6,EST,2009,6857.61101,A,1,NA
EST,LOAN,_Z,T,NEW,EUR,V,6,EST,2009,4456.746417,A,1,NA
EST,LOAN,_Z,SME,OUTSTANDING,EUR,V,6,EST,2009,2126.420136,A,1,NA
EST,LOAN,_Z,SME,NEW,EUR,V,6,EST,2009,2126.089715,A,1,NA
EST,LOAN,_Z,SME,OUTSTANDING,PT_ENT,_Z,0,EST,2010,29.36951814,A,2,NA
EST,LOAN,_Z,SME,NEW,PT_ENT,_Z,0,EST,2010,43.81818581,A,2,NA
EST,NPL,_Z,T,OUTSTANDING,PT_ENT,_Z,0,EST,2010,8.528493917,A,2,NA
EST,NPL,_Z,SME,OUTSTANDING,PT_ENT,_Z,0,EST,2010,8.168812383,A,2,NA
EST,LOAN_ST,_Z,T,OUTSTANDING,PT_ENT,_Z,0,EST,2010,16.76473952,A,2,NA
EST,INTEREST_RATE,_Z,LRG,_Z,PA,_Z,0,EST,2010,3.904335244,A,2,NA
EST,INTEREST_RATE,_Z,SME,_Z,PA,_Z,0,EST,2010,5.059658012,A,2,NA
EST,BANKRUPTCIES,_Z,SME,NEW,GR,_Z,0,EST,2010,-2.559241706,A,2,NA
EST,INTEREST_RATE_SPREAD,_Z,SME,_Z,PD,_Z,0,EST,2010,1.155322768,A,2,NA
EST,BANKRUPTCIES,_Z,SME,NEW,ENT,_Z,0,EST,2010,1028,A,0,NA
EST,PAYMENT_DELAYS,_Z,T,_Z,D,_Z,0,EST,2010,12.8,A,0,NA
EST,LOAN_LT,_Z,SME,OUTSTANDING,EUR,V,6,EST,2010,1578.048584,A,1,NA
EST,LOAN_ST,_Z,SME,OUTSTANDING,EUR,V,6,EST,2010,317.8409405,A,1,NA
EST,LOAN_GOV_GUARANTEED,_Z,SME,_Z,EUR,V,6,EST,2010,121.9347841,A,1,NA
EST,LOAN_GOV_GUARANTEES,_Z,SME,_Z,EUR,V,6,EST,2010,65.99752147,A,1,NA
EST,FACTORING,_Z,T,_Z,EUR,V,6,EST,2010,909.2908442,A,1,NA
EST,LEASING,_Z,T,_Z,EUR,V,6,EST,2010,281.2875055,A,1,NA
EST,LOAN,_Z,T,OUTSTANDING,EUR,V,6,EST,2010,6455.296665,A,1,NA
EST,LOAN,_Z,T,NEW,EUR,V,6,EST,2010,4257.743077,A,1,NA
EST,LOAN,_Z,SME,OUTSTANDING,EUR,V,6,EST,2010,1895.889525,A,1,NA
EST,LOAN,_Z,SME,NEW,EUR,V,6,EST,2010,1865.665773,A,1,NA
EST,LOAN,_Z,SME,OUTSTANDING,PT_ENT,_Z,0,EST,2011,28.27551133,A,2,NA
EST,LOAN,_Z,SME,NEW,PT_ENT,_Z,0,EST,2011,38.62751135,A,2,NA
EST,NPL,_Z,T,OUTSTANDING,PT_ENT,_Z,0,EST,2011,5.906997649,A,2,NA
EST,NPL,_Z,SME,OUTSTANDING,PT_ENT,_Z,0,EST,2011,6.314569432,A,2,NA
EST,LOAN_ST,_Z,T,OUTSTANDING,PT_ENT,_Z,0,EST,2011,19.38799991,A,2,NA
EST,INTEREST_RATE,_Z,LRG,_Z,PA,_Z,0,EST,2011,3.762516107,A,2,NA
EST,INTEREST_RATE,_Z,SME,_Z,PA,_Z,0,EST,2011,4.918286999,A,2,NA
EST,BANKRUPTCIES,_Z,SME,NEW,GR,_Z,0,EST,2011,-39.39688716,A,2,NA
EST,INTEREST_RATE_SPREAD,_Z,SME,_Z,PD,_Z,0,EST,2011,1.155770891,A,2,NA
EST,BANKRUPTCIES,_Z,SME,NEW,ENT,_Z,0,EST,2011,623,A,0,NA
EST,PAYMENT_DELAYS,_Z,T,_Z,D,_Z,0,EST,2011,10.2,A,0,NA
EST,LOAN_LT,_Z,SME,OUTSTANDING,EUR,V,6,EST,2011,1355.122701,A,1,NA
EST,LOAN_ST,_Z,SME,OUTSTANDING,EUR,V,6,EST,2011,325.9206912,A,1,NA
EST,LOAN_GOV_GUARANTEED,_Z,SME,_Z,EUR,V,6,EST,2011,116.0326946,A,1,NA
EST,LOAN_GOV_GUARANTEES,_Z,SME,_Z,EUR,V,6,EST,2011,52.50886551,A,1,NA
EST,FACTORING,_Z,T,_Z,EUR,V,6,EST,2011,1129.215969,A,1,NA
EST,LEASING,_Z,T,_Z,EUR,V,6,EST,2011,519.3729459,A,1,NA
EST,LOAN,_Z,T,OUTSTANDING,EUR,V,6,EST,2011,5945.227205,A,1,NA
EST,LOAN,_Z,T,NEW,EUR,V,6,EST,2011,5061.525115,A,1,NA
EST,LOAN,_Z,SME,OUTSTANDING,EUR,V,6,EST,2011,1681.043392,A,1,NA
EST,LOAN,_Z,SME,NEW,EUR,V,6,EST,2011,1955.141188,A,1,NA
EST,LOAN,_Z,SME,OUTSTANDING,PT_ENT,_Z,0,EST,2012,26.24462667,A,2,NA
EST,LOAN,_Z,SME,NEW,PT_ENT,_Z,0,EST,2012,37.80246429,A,2,NA
EST,NPL,_Z,T,OUTSTANDING,PT_ENT,_Z,0,EST,2012,3.789307818,A,2,NA
EST,NPL,_Z,SME,OUTSTANDING,PT_ENT,_Z,0,EST,2012,5.178174407,A,2,NA
EST,LOAN_ST,_Z,T,OUTSTANDING,PT_ENT,_Z,0,EST,2012,18.74008586,A,2,NA
EST,LOAN_APPLICATIONS,_Z,SME,_Z,PT_ENT,_Z,0,EST,2012,0.085125864,A,2,NA
EST,LOAN_COLLATERAL,_Z,SME,_Z,PT_ENT,_Z,0,EST,2012,0.108808974,A,2,NA
EST,INTEREST_RATE,_Z,LRG,_Z,PA,_Z,0,EST,2012,3.047890353,A,2,NA
EST,INTEREST_RATE,_Z,SME,_Z,PA,_Z,0,EST,2012,4.023887478,A,2,NA
EST,BANKRUPTCIES,_Z,SME,NEW,GR,_Z,0,EST,2012,-20.54574639,A,2,NA
EST,INTEREST_RATE_SPREAD,_Z,SME,_Z,PD,_Z,0,EST,2012,0.975997125,A,2,NA
EST,BANKRUPTCIES,_Z,SME,NEW,ENT,_Z,0,EST,2012,495,A,0,NA
EST,PAYMENT_DELAYS,_Z,T,_Z,D,_Z,0,EST,2012,10.1,A,0,NA
EST,LOAN_LT,_Z,SME,OUTSTANDING,EUR,V,6,EST,2012,1311.038124,A,1,NA
EST,LOAN_ST,_Z,SME,OUTSTANDING,EUR,V,6,EST,2012,302.3503935,A,1,NA
EST,LOAN_GOV_GUARANTEED,_Z,SME,_Z,EUR,V,6,EST,2012,122.2879346,A,1,NA
EST,LOAN_GOV_GUARANTEES,_Z,SME,_Z,EUR,V,6,EST,2012,59.89032569,A,1,NA
EST,FACTORING,_Z,T,_Z,EUR,V,6,EST,2012,1924.278351,A,1,NA
EST,LEASING,_Z,T,_Z,EUR,V,6,EST,2012,649.6005217,A,1,NA
EST,LOAN,_Z,T,OUTSTANDING,EUR,V,6,EST,2012,6147.500354,A,1,NA
EST,LOAN,_Z,T,NEW,EUR,V,6,EST,2012,5612.264468,A,1,NA
EST,LOAN,_Z,SME,OUTSTANDING,EUR,V,6,EST,2012,1613.388517,A,1,NA
EST,LOAN,_Z,SME,NEW,EUR,V,6,EST,2012,2121.574271,A,1,NA
EST,LOAN,_Z,SME,OUTSTANDING,PT_ENT,_Z,0,EST,2013,26.45317831,A,2,NA
EST,LOAN,_Z,SME,NEW,PT_ENT,_Z,0,EST,2013,38.42553139,A,2,NA
EST,NPL,_Z,T,OUTSTANDING,PT_ENT,_Z,0,EST,2013,2.011948708,A,2,NA
EST,NPL,_Z,SME,OUTSTANDING,PT_ENT,_Z,0,EST,2013,3.267304275,A,2,NA
EST,LOAN_ST,_Z,T,OUTSTANDING,PT_ENT,_Z,0,EST,2013,19.20250486,A,2,NA
EST,LOAN_APPLICATIONS,_Z,SME,_Z,PT_ENT,_Z,0,EST,2013,0.117206783,A,2,NA
EST,LOAN_COLLATERAL,_Z,SME,_Z,PT_ENT,_Z,0,EST,2013,0.099091359,A,2,NA
EST,INTEREST_RATE,_Z,LRG,_Z,PA,_Z,0,EST,2013,2.855886278,A,2,NA
EST,INTEREST_RATE,_Z,SME,_Z,PA,_Z,0,EST,2013,3.411736287,A,2,NA
EST,BANKRUPTCIES,_Z,SME,NEW,GR,_Z,0,EST,2013,-7.272727273,A,2,NA
EST,INTEREST_RATE_SPREAD,_Z,SME,_Z,PD,_Z,0,EST,2013,0.55585001,A,2,NA
EST,BANKRUPTCIES,_Z,SME,NEW,ENT,_Z,0,EST,2013,459,A,0,NA
EST,PAYMENT_DELAYS,_Z,T,_Z,D,_Z,0,EST,2013,9.4,A,0,NA
EST,LOAN_LT,_Z,SME,OUTSTANDING,EUR,V,6,EST,2013,1335.545783,A,1,NA
EST,LOAN_ST,_Z,SME,OUTSTANDING,EUR,V,6,EST,2013,317.4086564,A,1,NA
EST,LOAN_GOV_GUARANTEED,_Z,SME,_Z,EUR,V,6,EST,2013,99.99888662,A,1,NA
EST,LOAN_GOV_GUARANTEES,_Z,SME,_Z,EUR,V,6,EST,2013,51.91170691,A,1,NA
EST,FACTORING,_Z,T,_Z,EUR,V,6,EST,2013,1981.287703,A,1,NA
EST,LEASING,_Z,T,_Z,EUR,V,6,EST,2013,545.7545191,A,1,NA
EST,LOAN,_Z,T,OUTSTANDING,EUR,V,6,EST,2013,6248.604306,A,1,NA
EST,LOAN,_Z,T,NEW,EUR,V,6,EST,2013,6168.391384,A,1,NA
EST,LOAN,_Z,SME,OUTSTANDING,EUR,V,6,EST,2013,1652.954439,A,1,NA
EST,LOAN,_Z,SME,NEW,EUR,V,6,EST,2013,2370.237168,A,1,NA
EST,LOAN,_Z,SME,OUTSTANDING,PT_ENT,_Z,0,EST,2014,26.40078389,A,2,NA
EST,LOAN,_Z,SME,NEW,PT_ENT,_Z,0,EST,2014,38.41920881,A,2,NA
EST,NPL,_Z,T,OUTSTANDING,PT_ENT,_Z,0,EST,2014,1.966029233,A,2,NA
EST,NPL,_Z,SME,OUTSTANDING,PT_ENT,_Z,0,EST,2014,2.956105207,A,2,NA
EST,LOAN_ST,_Z,T,OUTSTANDING,PT_ENT,_Z,0,EST,2014,19.62014001,A,2,NA
EST,LOAN_APPLICATIONS,_Z,SME,_Z,PT_ENT,_Z,0,EST,2014,0.039249623,A,2,NA
EST,LOAN_COLLATERAL,_Z,SME,_Z,PT_ENT,_Z,0,EST,2014,0.039420651,A,2,NA
EST,INTEREST_RATE,_Z,LRG,_Z,PA,_Z,0,EST,2014,2.679835497,A,2,NA
EST,INTEREST_RATE,_Z,SME,_Z,PA,_Z,0,EST,2014,3.361022653,A,2,NA
EST,BANKRUPTCIES,_Z,SME,NEW,GR,_Z,0,EST,2014,-6.753812636,A,2,NA
EST,INTEREST_RATE_SPREAD,_Z,SME,_Z,PD,_Z,0,EST,2014,0.681187155,A,2,NA
EST,BANKRUPTCIES,_Z,SME,NEW,ENT,_Z,0,EST,2014,428,A,0,NA
EST,PAYMENT_DELAYS,_Z,T,_Z,D,_Z,0,EST,2014,7,A,0,NA
EST,LOAN_LT,_Z,SME,OUTSTANDING,EUR,V,6,EST,2014,1365.924495,A,1,NA
EST,LOAN_ST,_Z,SME,OUTSTANDING,EUR,V,6,EST,2014,333.4122482,A,1,NA
EST,LOAN_GOV_GUARANTEED,_Z,SME,_Z,EUR,V,6,EST,2014,110.8279739,A,1,NA
EST,LOAN_GOV_GUARANTEES,_Z,SME,_Z,EUR,V,6,EST,2014,66.02658349,A,1,NA
EST,FACTORING,_Z,T,_Z,EUR,V,6,EST,2014,2094.191828,A,1,NA
EST,LEASING,_Z,T,_Z,EUR,V,6,EST,2014,537.1577798,A,1,NA
EST,LOAN,_Z,T,OUTSTANDING,EUR,V,6,EST,2014,6436.690479,A,1,NA
EST,LOAN,_Z,T,NEW,EUR,V,6,EST,2014,6411.553386,A,1,NA
EST,LOAN,_Z,SME,OUTSTANDING,EUR,V,6,EST,2014,1699.336743,A,1,NA
EST,LOAN,_Z,SME,NEW,EUR,V,6,EST,2014,2463.268083,A,1,NA
EST,LOAN,_Z,SME,OUTSTANDING,PT_ENT,_Z,0,EST,2015,24.56063334,A,2,NA
EST,LOAN,_Z,SME,NEW,PT_ENT,_Z,0,EST,2015,33.72799846,A,2,NA
EST,NPL,_Z,T,OUTSTANDING,PT_ENT,_Z,0,EST,2015,1.564413158,A,2,NA
EST,NPL,_Z,SME,OUTSTANDING,PT_ENT,_Z,0,EST,2015,2.785122088,A,2,NA
EST,LOAN_ST,_Z,T,OUTSTANDING,PT_ENT,_Z,0,EST,2015,18.0044932,A,2,NA
EST,LOAN_APPLICATIONS,_Z,SME,_Z,PT_ENT,_Z,0,EST,2015,-0.085116941,A,2,NA
EST,LOAN_COLLATERAL,_Z,SME,_Z,PT_ENT,_Z,0,EST,2015,0.042133684,A,2,NA
EST,INTEREST_RATE,_Z,LRG,_Z,PA,_Z,0,EST,2015,2.053417282,A,2,NA
EST,INTEREST_RATE,_Z,SME,_Z,PA,_Z,0,EST,2015,3.039830227,A,2,NA
EST,BANKRUPTCIES,_Z,SME,NEW,GR,_Z,0,EST,2015,-12.14953271,A,2,NA
EST,INTEREST_RATE_SPREAD,_Z,SME,_Z,PD,_Z,0,EST,2015,0.986412945,A,2,NA
EST,BANKRUPTCIES,_Z,SME,NEW,ENT,_Z,0,EST,2015,376,A,0,NA
EST,PAYMENT_DELAYS,_Z,T,_Z,D,_Z,0,EST,2015,6.9,A,0,NA
EST,LOAN_LT,_Z,SME,OUTSTANDING,EUR,V,6,EST,2015,1369.940763,A,1,NA
EST,LOAN_ST,_Z,SME,OUTSTANDING,EUR,V,6,EST,2015,300.8102532,A,1,NA
EST,LOAN_GOV_GUARANTEED,_Z,SME,_Z,EUR,V,6,EST,2015,112.09198,A,1,NA
EST,LOAN_GOV_GUARANTEES,_Z,SME,_Z,EUR,V,6,EST,2015,65.62404679,A,1,NA
EST,FACTORING,_Z,T,_Z,EUR,V,6,EST,2015,2239.374012,A,1,NA
EST,LEASING,_Z,T,_Z,EUR,V,6,EST,2015,542.6931124,A,1,NA
EST,VC,_Z,T,_Z,EUR,V,6,EST,2015,96.565106,A,1,NA
EST,LOAN,_Z,T,OUTSTANDING,EUR,V,6,EST,2015,6802.556732,A,1,NA
EST,LOAN,_Z,T,NEW,EUR,V,6,EST,2015,6681.695748,A,1,NA
EST,LOAN,_Z,SME,OUTSTANDING,EUR,V,6,EST,2015,1670.751016,A,1,NA
EST,LOAN,_Z,SME,NEW,EUR,V,6,EST,2015,2253.602239,A,1,NA
EST,LOAN,_Z,SME,OUTSTANDING,PT_ENT,_Z,0,EST,2016,23.227645,A,2,NA
EST,LOAN,_Z,SME,NEW,PT_ENT,_Z,0,EST,2016,33.83939516,A,2,NA
EST,NPL,_Z,T,OUTSTANDING,PT_ENT,_Z,0,EST,2016,1.622010906,A,2,NA
EST,NPL,_Z,SME,OUTSTANDING,PT_ENT,_Z,0,EST,2016,2.877270663,A,2,NA
EST,LOAN_ST,_Z,T,OUTSTANDING,PT_ENT,_Z,0,EST,2016,18.45806985,A,2,NA
EST,LOAN_APPLICATIONS,_Z,SME,_Z,PT_ENT,_Z,0,EST,2016,0.049605588,A,2,NA
EST,LOAN_COLLATERAL,_Z,SME,_Z,PT_ENT,_Z,0,EST,2016,0.046150367,A,2,NA
EST,INTEREST_RATE,_Z,LRG,_Z,PA,_Z,0,EST,2016,2.081845337,A,2,NA
EST,INTEREST_RATE,_Z,SME,_Z,PA,_Z,0,EST,2016,2.958543214,A,2,NA
EST,BANKRUPTCIES,_Z,SME,NEW,GR,_Z,0,EST,2016,-10.90425532,A,2,NA
EST,VC,_Z,T,_Z,GR,_Z,0,EST,2016,9.441494322,A,2,NA
EST,INTEREST_RATE_SPREAD,_Z,SME,_Z,PD,_Z,0,EST,2016,0.876697877,A,2,NA
EST,BANKRUPTCIES,_Z,SME,NEW,ENT,_Z,0,EST,2016,335,A,0,NA
EST,PAYMENT_DELAYS,_Z,T,_Z,D,_Z,0,EST,2016,6,A,0,NA
EST,LOAN_LT,_Z,SME,OUTSTANDING,EUR,V,6,EST,2016,1390.955603,A,1,NA
EST,LOAN_ST,_Z,SME,OUTSTANDING,EUR,V,6,EST,2016,314.8607793,A,1,NA
EST,LOAN_GOV_GUARANTEED,_Z,SME,_Z,EUR,V,6,EST,2016,170.8430003,A,1,NA
EST,LOAN_GOV_GUARANTEES,_Z,SME,_Z,EUR,V,6,EST,2016,93.48087783,A,1,NA
EST,FACTORING,_Z,T,_Z,EUR,V,6,EST,2016,2090.424666,A,1,NA
EST,LEASING,_Z,T,_Z,EUR,V,6,EST,2016,676.1272282,A,1,NA
EST,VC,_Z,T,_Z,EUR,V,6,EST,2016,105.682295,A,1,NA
EST,LOAN,_Z,T,OUTSTANDING,EUR,V,6,EST,2016,7343.90586,A,1,NA
EST,LOAN,_Z,T,NEW,EUR,V,6,EST,2016,6990.058456,A,1,NA
EST,LOAN,_Z,SME,OUTSTANDING,EUR,V,6,EST,2016,1705.816382,A,1,NA
EST,LOAN,_Z,SME,NEW,EUR,V,6,EST,2016,2365.393503,A,1,NA
EST,LOAN,_Z,SME,OUTSTANDING,PT_ENT,_Z,0,EST,2017,26.1480797,A,2,NA
EST,LOAN,_Z,SME,NEW,PT_ENT,_Z,0,EST,2017,35.46757709,A,2,NA
EST,NPL,_Z,T,OUTSTANDING,PT_ENT,_Z,0,EST,2017,1.345568733,A,2,NA
EST,NPL,_Z,SME,OUTSTANDING,PT_ENT,_Z,0,EST,2017,1.936151194,A,2,NA
EST,LOAN_ST,_Z,T,OUTSTANDING,PT_ENT,_Z,0,EST,2017,17.65698124,A,2,NA
EST,LOAN_APPLICATIONS,_Z,SME,_Z,PT_ENT,_Z,0,EST,2017,0.077894423,A,2,NA
EST,LOAN_COLLATERAL,_Z,SME,_Z,PT_ENT,_Z,0,EST,2017,0.028412378,A,2,NA
EST,INTEREST_RATE,_Z,LRG,_Z,PA,_Z,0,EST,2017,2.118284896,A,2,NA
EST,INTEREST_RATE,_Z,SME,_Z,PA,_Z,0,EST,2017,2.991630988,A,2,NA
EST,BANKRUPTCIES,_Z,SME,NEW,GR,_Z,0,EST,2017,2.388059701,A,2,NA
EST,VC,_Z,T,_Z,GR,_Z,0,EST,2017,157.9096622,A,2,NA
EST,INTEREST_RATE_SPREAD,_Z,SME,_Z,PD,_Z,0,EST,2017,0.873346091,A,2,NA
EST,BANKRUPTCIES,_Z,SME,NEW,ENT,_Z,0,EST,2017,343,A,0,NA
EST,PAYMENT_DELAYS,_Z,T,_Z,D,_Z,0,EST,2017,5.5,A,0,NA
EST,LOAN_LT,_Z,SME,OUTSTANDING,EUR,V,6,EST,2017,1493.172253,A,1,NA
EST,LOAN_ST,_Z,SME,OUTSTANDING,EUR,V,6,EST,2017,320.1839678,A,1,NA
EST,LOAN_GOV_GUARANTEED,_Z,SME,_Z,EUR,V,6,EST,2017,99.67062633,A,1,NA
EST,LOAN_GOV_GUARANTEES,_Z,SME,_Z,EUR,V,6,EST,2017,60.944016070000004,A,1,NA
EST,FACTORING,_Z,T,_Z,EUR,V,6,EST,2017,2290.405502,A,1,NA
EST,LEASING,_Z,T,_Z,EUR,V,6,EST,2017,718.446273,A,1,NA
EST,VC,_Z,T,_Z,EUR,V,6,EST,2017,272.56485,A,1,NA
EST,LOAN,_Z,T,OUTSTANDING,EUR,V,6,EST,2017,6934.949877,A,1,NA
EST,LOAN,_Z,T,NEW,EUR,V,6,EST,2017,7188.662642,A,1,NA
EST,LOAN,_Z,SME,OUTSTANDING,EUR,V,6,EST,2017,1813.356221,A,1,NA
EST,LOAN,_Z,SME,NEW,EUR,V,6,EST,2017,2549.644464,A,1,NA
EST,LOAN,_Z,SME,OUTSTANDING,PT_ENT,_Z,0,EST,2018,23.702427,A,2,NA
EST,LOAN,_Z,SME,NEW,PT_ENT,_Z,0,EST,2018,33.26364208,A,2,NA
EST,NPL,_Z,T,OUTSTANDING,PT_ENT,_Z,0,EST,2018,0.810470595,A,2,NA
EST,NPL,_Z,SME,OUTSTANDING,PT_ENT,_Z,0,EST,2018,1.9894729309999999,A,2,NA
EST,LOAN_ST,_Z,T,OUTSTANDING,PT_ENT,_Z,0,EST,2018,17.62536156,A,2,NA
EST,LOAN_APPLICATIONS,_Z,SME,_Z,PT_ENT,_Z,0,EST,2018,0.032851775,A,2,NA
EST,LOAN_COLLATERAL,_Z,SME,_Z,PT_ENT,_Z,0,EST,2018,0.101284996,A,2,NA
EST,INTEREST_RATE,_Z,LRG,_Z,PA,_Z,0,EST,2018,2.129423323,A,2,NA
EST,INTEREST_RATE,_Z,SME,_Z,PA,_Z,0,EST,2018,3.278137651,A,2,NA
EST,BANKRUPTCIES,_Z,SME,NEW,GR,_Z,0,EST,2018,-20.40816327,A,2,NA
EST,VC,_Z,T,_Z,GR,_Z,0,EST,2018,19.29692365,A,2,NA
EST,INTEREST_RATE_SPREAD,_Z,SME,_Z,PD,_Z,0,EST,2018,1.148714328,A,2,NA
EST,BANKRUPTCIES,_Z,SME,NEW,ENT,_Z,0,EST,2018,273,A,0,NA
EST,LOAN_LT,_Z,SME,OUTSTANDING,EUR,V,6,EST,2018,1399.635421,A,1,NA
EST,LOAN_ST,_Z,SME,OUTSTANDING,EUR,V,6,EST,2018,299.474217,A,1,NA
EST,LOAN_GOV_GUARANTEED,_Z,SME,_Z,EUR,V,6,EST,2018,118.14,A,1,NA
EST,LOAN_GOV_GUARANTEES,_Z,SME,_Z,EUR,V,6,EST,2018,72.2,A,1,NA
EST,FACTORING,_Z,T,_Z,EUR,V,6,EST,2018,3033.815695,A,1,NA
EST,LEASING,_Z,T,_Z,EUR,V,6,EST,2018,811.4974215,A,1,NA
EST,VC,_Z,T,_Z,EUR,V,6,EST,2018,325.161481,A,1,NA
EST,LOAN,_Z,T,OUTSTANDING,EUR,V,6,EST,2018,7168.504886,A,1,NA
EST,LOAN,_Z,T,NEW,EUR,V,6,EST,2018,7916.766311,A,1,NA
EST,LOAN,_Z,SME,OUTSTANDING,EUR,V,6,EST,2018,1699.109638,A,1,NA
EST,LOAN,_Z,SME,NEW,EUR,V,6,EST,2018,2633.40481,A,1,NA
EST,LOAN,_Z,SME,OUTSTANDING,PT_ENT,_Z,0,EST,2019,21.75899756,A,2,NA
EST,LOAN,_Z,SME,NEW,PT_ENT,_Z,0,EST,2019,35.64554917,A,2,NA
EST,NPL,_Z,T,OUTSTANDING,PT_ENT,_Z,0,EST,2019,0.704898462,A,2,NA
EST,NPL,_Z,SME,OUTSTANDING,PT_ENT,_Z,0,EST,2019,2.193635315,A,2,NA
EST,LOAN_ST,_Z,T,OUTSTANDING,PT_ENT,_Z,0,EST,2019,16.86297137,A,2,NA
EST,LOAN_APPLICATIONS,_Z,SME,_Z,PT_ENT,_Z,0,EST,2019,0.103521806,A,2,NA
EST,LOAN_COLLATERAL,_Z,SME,_Z,PT_ENT,_Z,0,EST,2019,0.029782265,A,2,NA
EST,INTEREST_RATE,_Z,LRG,_Z,PA,_Z,0,EST,2019,2.556767193,A,2,NA
EST,INTEREST_RATE,_Z,SME,_Z,PA,_Z,0,EST,2019,3.847962912,A,2,NA
EST,BANKRUPTCIES,_Z,SME,NEW,GR,_Z,0,EST,2019,-0.732600733,A,2,NA
EST,VC,_Z,T,_Z,GR,_Z,0,EST,2019,-18.94664485,A,2,NA
EST,INTEREST_RATE_SPREAD,_Z,SME,_Z,PD,_Z,0,EST,2019,1.291195719,A,2,NA
EST,BANKRUPTCIES,_Z,SME,NEW,ENT,_Z,0,EST,2019,271,A,0,NA
EST,PAYMENT_DELAYS,_Z,T,_Z,D,_Z,0,EST,2019,6.4,A,0,NA
EST,LOAN_LT,_Z,SME,OUTSTANDING,EUR,V,6,EST,2019,1298.76384,A,1,NA
EST,LOAN_ST,_Z,SME,OUTSTANDING,EUR,V,6,EST,2019,263.4327663,A,1,NA
EST,LOAN_GOV_GUARANTEED,_Z,SME,_Z,EUR,V,6,EST,2019,145.5,A,1,NA
EST,LOAN_GOV_GUARANTEES,_Z,SME,_Z,EUR,V,6,EST,2019,75.3,A,1,NA
EST,FACTORING,_Z,T,_Z,EUR,V,6,EST,2019,3450.64304,A,1,NA
EST,LEASING,_Z,T,_Z,EUR,V,6,EST,2019,728.8711864,A,1,NA
EST,VC,_Z,T,_Z,EUR,V,6,EST,2019,263.55429,A,1,NA
EST,LOAN,_Z,T,OUTSTANDING,EUR,V,6,EST,2019,7179.543089,A,1,NA
EST,LOAN,_Z,T,NEW,EUR,V,6,EST,2019,8152.545545,A,1,NA
EST,LOAN,_Z,SME,OUTSTANDING,EUR,V,6,EST,2019,1562.196606,A,1,NA
EST,LOAN,_Z,SME,NEW,EUR,V,6,EST,2019,2906.019631,A,1,NA
EST,LOAN,_Z,SME,OUTSTANDING,PT_ENT,_Z,0,EST,2020,20.0585262,A,2,NA
EST,LOAN,_Z,SME,NEW,PT_ENT,_Z,0,EST,2020,35.11129207,A,2,NA
EST,NPL,_Z,T,OUTSTANDING,PT_ENT,_Z,0,EST,2020,0.59,A,2,NA
EST,NPL,_Z,SME,OUTSTANDING,PT_ENT,_Z,0,EST,2020,2.09,A,2,NA
EST,LOAN_ST,_Z,T,OUTSTANDING,PT_ENT,_Z,0,EST,2020,13.20504313,A,2,NA
EST,INTEREST_RATE,_Z,LRG,_Z,PA,_Z,0,EST,2020,2.77,A,2,NA
EST,INTEREST_RATE,_Z,SME,_Z,PA,_Z,0,EST,2020,4.08,A,2,NA
EST,BANKRUPTCIES,_Z,SME,NEW,GR,_Z,0,EST,2020,25.8302583,A,2,NA
EST,VC,_Z,T,_Z,GR,_Z,0,EST,2020,71.86,A,2,NA
EST,INTEREST_RATE_SPREAD,_Z,SME,_Z,PD,_Z,0,EST,2020,1.31,A,2,NA
EST,BANKRUPTCIES,_Z,SME,NEW,ENT,_Z,0,EST,2020,341,A,0,NA
EST,LOAN_LT,_Z,SME,OUTSTANDING,EUR,V,6,EST,2020,1308,A,1,NA
EST,LOAN_ST,_Z,SME,OUTSTANDING,EUR,V,6,EST,2020,199,A,1,NA
EST,LOAN_GOV_GUARANTEED,_Z,SME,_Z,EUR,V,6,EST,2020,188.13,A,1,NA
EST,LOAN_GOV_DIRECT,_Z,SME,_Z,EUR,V,6,EST,2020,85.009,A,1,NA
EST,LOAN_GOV_GUARANTEES,_Z,SME,_Z,EUR,V,6,EST,2020,112.6,A,1,NA
EST,FACTORING,_Z,T,_Z,EUR,V,6,EST,2020,2582,A,1,NA
EST,LEASING,_Z,T,_Z,EUR,V,6,EST,2020,545,A,1,NA
EST,VC,_Z,T,_Z,EUR,V,6,EST,2020,452.936224,A,1,NA
EST,LOAN,_Z,T,OUTSTANDING,EUR,V,6,EST,2020,7518,A,1,NA
EST,LOAN,_Z,T,NEW,EUR,V,6,EST,2020,7368,A,1,NA
EST,LOAN,_Z,SME,OUTSTANDING,EUR,V,6,EST,2020,1508,A,1,NA
EST,LOAN,_Z,SME,NEW,EUR,V,6,EST,2020,2587,A,1,NA
EST,LOAN,_Z,SME,OUTSTANDING,PT_ENT,_Z,0,EST,2021,20.30877867,A,2,NA
EST,LOAN,_Z,SME,NEW,PT_ENT,_Z,0,EST,2021,34.16714116,A,2,NA
EST,NPL,_Z,T,OUTSTANDING,PT_ENT,_Z,0,EST,2021,0.285718791,A,2,NA
EST,NPL,_Z,SME,OUTSTANDING,PT_ENT,_Z,0,EST,2021,0.842847814,A,2,NA
EST,LOAN_ST,_Z,T,OUTSTANDING,PT_ENT,_Z,0,EST,2021,11.25299655,A,2,NA
EST,INTEREST_RATE,_Z,LRG,_Z,PA,_Z,0,EST,2021,2.813281236,A,2,NA
EST,INTEREST_RATE,_Z,SME,_Z,PA,_Z,0,EST,2021,3.747731541,A,2,NA
EST,BANKRUPTCIES,_Z,SME,NEW,GR,_Z,0,EST,2021,-69.79472141,A,2,NA
EST,VC,_Z,T,_Z,GR,_Z,0,EST,2021,112.48,A,2,NA
EST,INTEREST_RATE_SPREAD,_Z,SME,_Z,PD,_Z,0,EST,2021,0.934450305,A,2,NA
EST,BANKRUPTCIES,_Z,SME,NEW,ENT,_Z,0,EST,2021,103,A,0,NA
EST,LOAN_LT,_Z,SME,OUTSTANDING,EUR,V,6,EST,2021,1473.476227,A,1,NA
EST,LOAN_ST,_Z,SME,OUTSTANDING,EUR,V,6,EST,2021,186.8347352,A,1,NA
EST,LOAN_GOV_GUARANTEED,_Z,SME,_Z,EUR,V,6,EST,2021,140.1,A,1,NA
EST,LOAN_GOV_DIRECT,_Z,SME,_Z,EUR,V,6,EST,2021,10,A,1,NA
EST,LOAN_GOV_GUARANTEES,_Z,SME,_Z,EUR,V,6,EST,2021,94,A,1,NA
EST,FACTORING,_Z,T,_Z,EUR,V,6,EST,2021,2988.654868,A,1,NA
EST,LEASING,_Z,T,_Z,EUR,V,6,EST,2021,775.3243132,A,1,NA
EST,VC,_Z,T,_Z,EUR,V,6,EST,2021,962.416857,A,1,NA
EST,LOAN,_Z,T,OUTSTANDING,EUR,V,6,EST,2021,8175.336336,A,1,NA
EST,LOAN,_Z,T,NEW,EUR,V,6,EST,2021,8810.343341,A,1,NA
EST,LOAN,_Z,SME,OUTSTANDING,EUR,V,6,EST,2021,1660.310962,A,1,NA
EST,LOAN,_Z,SME,NEW,EUR,V,6,EST,2021,3010.242445,A,1,NA
EST,LOAN,_Z,SME,OUTSTANDING,PT_ENT,_Z,0,EST,2022,18.70067605,A,2,NA
EST,LOAN,_Z,SME,NEW,PT_ENT,_Z,0,EST,2022,27.67459929,A,2,NA
EST,NPL,_Z,T,OUTSTANDING,PT_ENT,_Z,0,EST,2022,0.230717752,A,2,NA
EST,NPL,_Z,SME,OUTSTANDING,PT_ENT,_Z,0,EST,2022,0.564397862,A,2,NA
EST,LOAN_ST,_Z,T,OUTSTANDING,PT_ENT,_Z,0,EST,2022,12.56674495,A,2,NA
EST,INTEREST_RATE,_Z,LRG,_Z,PA,_Z,0,EST,2022,3.436809833,A,2,NA
EST,INTEREST_RATE,_Z,SME,_Z,PA,_Z,0,EST,2022,4.084638899,A,2,NA
EST,BANKRUPTCIES,_Z,SME,NEW,GR,_Z,0,EST,2022,-4.854368932,A,2,NA
EST,VC,_Z,T,_Z,GR,_Z,0,EST,2022,35.38,A,2,NA
EST,INTEREST_RATE_SPREAD,_Z,SME,_Z,PD,_Z,0,EST,2022,0.647829066,A,2,NA
EST,BANKRUPTCIES,_Z,SME,NEW,ENT,_Z,0,EST,2022,98,A,0,NA
EST,LOAN_LT,_Z,SME,OUTSTANDING,EUR,V,6,EST,2022,1469.354058,A,1,NA
EST,LOAN_ST,_Z,SME,OUTSTANDING,EUR,V,6,EST,2022,211.1896402,A,1,NA
EST,LOAN_GOV_GUARANTEED,_Z,SME,_Z,EUR,V,6,EST,2022,153.72,A,1,NA
EST,LOAN_GOV_DIRECT,_Z,SME,_Z,EUR,V,6,EST,2022,3.79,A,1,NA
EST,LOAN_GOV_GUARANTEES,_Z,SME,_Z,EUR,V,6,EST,2022,100.56,A,1,NA
EST,FACTORING,_Z,T,_Z,EUR,V,6,EST,2022,3755.50649,A,1,NA
EST,LEASING,_Z,T,_Z,EUR,V,6,EST,2022,804.5172811,A,1,NA
EST,VC,_Z,T,_Z,EUR,V,6,EST,2022,1302.95146,A,1,NA
EST,LOAN,_Z,T,OUTSTANDING,EUR,V,6,EST,2022,8986.539809,A,1,NA
EST,LOAN,_Z,T,NEW,EUR,V,6,EST,2022,9575.616117,A,1,NA
EST,LOAN,_Z,SME,OUTSTANDING,EUR,V,6,EST,2022,1680.543698,A,1,NA
EST,LOAN,_Z,SME,NEW,EUR,V,6,EST,2022,2650.01339,A,1,NA
