country_iso,country,year,measure,unit_measure,value
EE,Estonia,2007,BANKRUPTCIES,ENT,202
EE,Estonia,2008,BANKRUPTCIES,GR,109.4059406
EE,Estonia,2008,BANKRUPTCIES,ENT,423
EE,Estonia,2009,BANKRUPTCIES,GR,149.4089835
EE,Estonia,2009,BANKRUPTCIES,ENT,1055
EE,Estonia,2010,BANKRUPTCIES,GR,-2.559241706
EE,Estonia,2010,BANKRUPTCIES,ENT,1028
EE,Estonia,2011,BANKRUPTCIES,GR,-39.39688716
EE,Estonia,2011,BANKRUPTCIES,ENT,623
EE,Estonia,2012,BANKRUPTCIES,GR,-20.54574639
EE,Estonia,2012,BANKRUPTCIES,ENT,495
EE,Estonia,2013,BANKRUPTCIES,GR,-7.272727273
EE,Estonia,2013,BANKRUPTCIES,ENT,459
EE,Estonia,2014,BANKRUPTCIES,GR,-6.753812636
EE,Estonia,2014,BANKRUPTCIES,ENT,428
EE,Estonia,2015,BANKRUPTCIES,GR,-12.14953271
EE,Estonia,2015,BANKRUPTCIES,ENT,376
EE,Estonia,2016,BANKRUPTCIES,GR,-10.90425532
EE,Estonia,2016,BANKRUPTCIES,ENT,335
EE,Estonia,2017,BANKRUPTCIES,GR,2.388059701
EE,Estonia,2017,BANKRUPTCIES,ENT,343
EE,Estonia,2018,BANKRUPTCIES,GR,-20.40816327
EE,Estonia,2018,BANKRUPTCIES,ENT,273
EE,Estonia,2019,BANKRUPTCIES,GR,-0.732600733
EE,Estonia,2019,BANKRUPTCIES,ENT,271
EE,Estonia,2020,BANKRUPTCIES,GR,25.8302583
EE,Estonia,2020,BANKRUPTCIES,ENT,341
EE,Estonia,2021,BANKRUPTCIES,GR,-69.79472141
EE,Estonia,2021,BANKRUPTCIES,ENT,103
EE,Estonia,2022,BANKRUPTCIES,GR,-4.854368932
EE,Estonia,2022,BANKRUPTCIES,ENT,98
EE,Estonia,2007,FACTORING,EUR,1289.984352
EE,Estonia,2008,FACTORING,EUR,1405.67285
EE,Estonia,2009,FACTORING,EUR,988.8369367
EE,Estonia,2010,FACTORING,EUR,909.2908442
EE,Estonia,2011,FACTORING,EUR,1129.215969
EE,Estonia,2012,FACTORING,EUR,1924.278351
EE,Estonia,2013,FACTORING,EUR,1981.287703
EE,Estonia,2014,FACTORING,EUR,2094.191828
EE,Estonia,2015,FACTORING,EUR,2239.374012
EE,Estonia,2016,FACTORING,EUR,2090.424666
EE,Estonia,2017,FACTORING,EUR,2290.405502
EE,Estonia,2018,FACTORING,EUR,3033.815695
EE,Estonia,2019,FACTORING,EUR,3450.64304
EE,Estonia,2020,FACTORING,EUR,2582
EE,Estonia,2021,FACTORING,EUR,2988.654868
EE,Estonia,2022,FACTORING,EUR,3755.50649
EE,Estonia,2007,INTEREST_RATE,PA,5.681037733
EE,Estonia,2007,INTEREST_RATE,PA,6.107474596
EE,Estonia,2008,INTEREST_RATE,PA,6.130052032
EE,Estonia,2008,INTEREST_RATE,PA,6.709763324
EE,Estonia,2009,INTEREST_RATE,PA,4.205645708
EE,Estonia,2009,INTEREST_RATE,PA,5.342388756
EE,Estonia,2010,INTEREST_RATE,PA,3.904335244
EE,Estonia,2010,INTEREST_RATE,PA,5.059658012
EE,Estonia,2011,INTEREST_RATE,PA,3.762516107
EE,Estonia,2011,INTEREST_RATE,PA,4.918286999
EE,Estonia,2012,INTEREST_RATE,PA,3.047890353
EE,Estonia,2012,INTEREST_RATE,PA,4.023887478
EE,Estonia,2013,INTEREST_RATE,PA,2.855886278
EE,Estonia,2013,INTEREST_RATE,PA,3.411736287
EE,Estonia,2014,INTEREST_RATE,PA,2.679835497
EE,Estonia,2014,INTEREST_RATE,PA,3.361022653
EE,Estonia,2015,INTEREST_RATE,PA,2.053417282
EE,Estonia,2015,INTEREST_RATE,PA,3.039830227
EE,Estonia,2016,INTEREST_RATE,PA,2.081845337
EE,Estonia,2016,INTEREST_RATE,PA,2.958543214
EE,Estonia,2017,INTEREST_RATE,PA,2.118284896
EE,Estonia,2017,INTEREST_RATE,PA,2.991630988
EE,Estonia,2018,INTEREST_RATE,PA,2.129423323
EE,Estonia,2018,INTEREST_RATE,PA,3.278137651
EE,Estonia,2019,INTEREST_RATE,PA,2.556767193
EE,Estonia,2019,INTEREST_RATE,PA,3.847962912
EE,Estonia,2020,INTEREST_RATE,PA,2.77
EE,Estonia,2020,INTEREST_RATE,PA,4.08
EE,Estonia,2021,INTEREST_RATE,PA,2.813281236
EE,Estonia,2021,INTEREST_RATE,PA,3.747731541
EE,Estonia,2022,INTEREST_RATE,PA,3.436809833
EE,Estonia,2022,INTEREST_RATE,PA,4.084638899
EE,Estonia,2007,INTEREST_RATE_SPREAD,PD,0.426436862
EE,Estonia,2008,INTEREST_RATE_SPREAD,PD,0.579711291
EE,Estonia,2009,INTEREST_RATE_SPREAD,PD,1.136743048
EE,Estonia,2010,INTEREST_RATE_SPREAD,PD,1.155322768
EE,Estonia,2011,INTEREST_RATE_SPREAD,PD,1.155770891
EE,Estonia,2012,INTEREST_RATE_SPREAD,PD,0.975997125
EE,Estonia,2013,INTEREST_RATE_SPREAD,PD,0.55585001
EE,Estonia,2014,INTEREST_RATE_SPREAD,PD,0.681187155
EE,Estonia,2015,INTEREST_RATE_SPREAD,PD,0.986412945
EE,Estonia,2016,INTEREST_RATE_SPREAD,PD,0.876697877
EE,Estonia,2017,INTEREST_RATE_SPREAD,PD,0.873346091
EE,Estonia,2018,INTEREST_RATE_SPREAD,PD,1.148714328
EE,Estonia,2019,INTEREST_RATE_SPREAD,PD,1.291195719
EE,Estonia,2020,INTEREST_RATE_SPREAD,PD,1.31
EE,Estonia,2021,INTEREST_RATE_SPREAD,PD,0.934450305
EE,Estonia,2022,INTEREST_RATE_SPREAD,PD,0.647829066
EE,Estonia,2007,LEASING,EUR,891.1743596
EE,Estonia,2008,LEASING,EUR,709.6275768
EE,Estonia,2009,LEASING,EUR,222.7727288
EE,Estonia,2010,LEASING,EUR,281.2875055
EE,Estonia,2011,LEASING,EUR,519.3729459
EE,Estonia,2012,LEASING,EUR,649.6005217
EE,Estonia,2013,LEASING,EUR,545.7545191
EE,Estonia,2014,LEASING,EUR,537.1577798
EE,Estonia,2015,LEASING,EUR,542.6931124
EE,Estonia,2016,LEASING,EUR,676.1272282
EE,Estonia,2017,LEASING,EUR,718.446273
EE,Estonia,2018,LEASING,EUR,811.4974215
EE,Estonia,2019,LEASING,EUR,728.8711864
EE,Estonia,2020,LEASING,EUR,545
EE,Estonia,2021,LEASING,EUR,775.3243132
EE,Estonia,2022,LEASING,EUR,804.5172811
EE,Estonia,2007,LOAN,PT_ENT,35.82550811
EE,Estonia,2007,LOAN,PT_ENT,42.08585348
EE,Estonia,2007,LOAN,EUR,6799.951658
EE,Estonia,2007,LOAN,EUR,8552.928461
EE,Estonia,2007,LOAN,EUR,2436.117233
EE,Estonia,2007,LOAN,EUR,3599.57294
EE,Estonia,2008,LOAN,PT_ENT,34.54670872
EE,Estonia,2008,LOAN,PT_ENT,48.21336646
EE,Estonia,2008,LOAN,EUR,7202.87273
EE,Estonia,2008,LOAN,EUR,7306.597406
EE,Estonia,2008,LOAN,EUR,2488.355461
EE,Estonia,2008,LOAN,EUR,3522.756583
EE,Estonia,2009,LOAN,PT_ENT,31.00817665
EE,Estonia,2009,LOAN,PT_ENT,47.70497389
EE,Estonia,2009,LOAN,EUR,6857.61101
EE,Estonia,2009,LOAN,EUR,4456.746417
EE,Estonia,2009,LOAN,EUR,2126.420136
EE,Estonia,2009,LOAN,EUR,2126.089715
EE,Estonia,2010,LOAN,PT_ENT,29.36951814
EE,Estonia,2010,LOAN,PT_ENT,43.81818581
EE,Estonia,2010,LOAN,EUR,6455.296665
EE,Estonia,2010,LOAN,EUR,4257.743077
EE,Estonia,2010,LOAN,EUR,1895.889525
EE,Estonia,2010,LOAN,EUR,1865.665773
EE,Estonia,2011,LOAN,PT_ENT,28.27551133
EE,Estonia,2011,LOAN,PT_ENT,38.62751135
EE,Estonia,2011,LOAN,EUR,5945.227205
EE,Estonia,2011,LOAN,EUR,5061.525115
EE,Estonia,2011,LOAN,EUR,1681.043392
EE,Estonia,2011,LOAN,EUR,1955.141188
EE,Estonia,2012,LOAN,PT_ENT,26.24462667
EE,Estonia,2012,LOAN,PT_ENT,37.80246429
EE,Estonia,2012,LOAN,EUR,6147.500354
EE,Estonia,2012,LOAN,EUR,5612.264468
EE,Estonia,2012,LOAN,EUR,1613.388517
EE,Estonia,2012,LOAN,EUR,2121.574271
EE,Estonia,2013,LOAN,PT_ENT,26.45317831
EE,Estonia,2013,LOAN,PT_ENT,38.42553139
EE,Estonia,2013,LOAN,EUR,6248.604306
EE,Estonia,2013,LOAN,EUR,6168.391384
EE,Estonia,2013,LOAN,EUR,1652.954439
EE,Estonia,2013,LOAN,EUR,2370.237168
EE,Estonia,2014,LOAN,PT_ENT,26.40078389
EE,Estonia,2014,LOAN,PT_ENT,38.41920881
EE,Estonia,2014,LOAN,EUR,6436.690479
EE,Estonia,2014,LOAN,EUR,6411.553386
EE,Estonia,2014,LOAN,EUR,1699.336743
EE,Estonia,2014,LOAN,EUR,2463.268083
EE,Estonia,2015,LOAN,PT_ENT,24.56063334
EE,Estonia,2015,LOAN,PT_ENT,33.72799846
EE,Estonia,2015,LOAN,EUR,6802.556732
EE,Estonia,2015,LOAN,EUR,6681.695748
EE,Estonia,2015,LOAN,EUR,1670.751016
EE,Estonia,2015,LOAN,EUR,2253.602239
EE,Estonia,2016,LOAN,PT_ENT,23.227645
EE,Estonia,2016,LOAN,PT_ENT,33.83939516
EE,Estonia,2016,LOAN,EUR,7343.90586
EE,Estonia,2016,LOAN,EUR,6990.058456
EE,Estonia,2016,LOAN,EUR,1705.816382
EE,Estonia,2016,LOAN,EUR,2365.393503
EE,Estonia,2017,LOAN,PT_ENT,26.1480797
EE,Estonia,2017,LOAN,PT_ENT,35.46757709
EE,Estonia,2017,LOAN,EUR,6934.949877
EE,Estonia,2017,LOAN,EUR,7188.662642
EE,Estonia,2017,LOAN,EUR,1813.356221
EE,Estonia,2017,LOAN,EUR,2549.644464
EE,Estonia,2018,LOAN,PT_ENT,23.702427
EE,Estonia,2018,LOAN,PT_ENT,33.26364208
EE,Estonia,2018,LOAN,EUR,7168.504886
EE,Estonia,2018,LOAN,EUR,7916.766311
EE,Estonia,2018,LOAN,EUR,1699.109638
EE,Estonia,2018,LOAN,EUR,2633.40481
EE,Estonia,2019,LOAN,PT_ENT,21.75899756
EE,Estonia,2019,LOAN,PT_ENT,35.64554917
EE,Estonia,2019,LOAN,EUR,7179.543089
EE,Estonia,2019,LOAN,EUR,8152.545545
EE,Estonia,2019,LOAN,EUR,1562.196606
EE,Estonia,2019,LOAN,EUR,2906.019631
EE,Estonia,2020,LOAN,PT_ENT,20.0585262
EE,Estonia,2020,LOAN,PT_ENT,35.11129207
EE,Estonia,2020,LOAN,EUR,7518
EE,Estonia,2020,LOAN,EUR,7368
EE,Estonia,2020,LOAN,EUR,1508
EE,Estonia,2020,LOAN,EUR,2587
EE,Estonia,2021,LOAN,PT_ENT,20.30877867
EE,Estonia,2021,LOAN,PT_ENT,34.16714116
EE,Estonia,2021,LOAN,EUR,8175.336336
EE,Estonia,2021,LOAN,EUR,8810.343341
EE,Estonia,2021,LOAN,EUR,1660.310962
EE,Estonia,2021,LOAN,EUR,3010.242445
EE,Estonia,2022,LOAN,PT_ENT,18.70067605
EE,Estonia,2022,LOAN,PT_ENT,27.67459929
EE,Estonia,2022,LOAN,EUR,8986.539809
EE,Estonia,2022,LOAN,EUR,9575.616117
EE,Estonia,2022,LOAN,EUR,1680.543698
EE,Estonia,2022,LOAN,EUR,2650.01339
EE,Estonia,2012,LOAN_APPLICATIONS,PT_ENT,0.085125864
EE,Estonia,2013,LOAN_APPLICATIONS,PT_ENT,0.117206783
EE,Estonia,2014,LOAN_APPLICATIONS,PT_ENT,0.039249623
EE,Estonia,2015,LOAN_APPLICATIONS,PT_ENT,-0.085116941
EE,Estonia,2016,LOAN_APPLICATIONS,PT_ENT,0.049605588
EE,Estonia,2017,LOAN_APPLICATIONS,PT_ENT,0.077894423
EE,Estonia,2018,LOAN_APPLICATIONS,PT_ENT,0.032851775
EE,Estonia,2019,LOAN_APPLICATIONS,PT_ENT,0.103521806
EE,Estonia,2012,LOAN_COLLATERAL,PT_ENT,0.108808974
EE,Estonia,2013,LOAN_COLLATERAL,PT_ENT,0.099091359
EE,Estonia,2014,LOAN_COLLATERAL,PT_ENT,0.039420651
EE,Estonia,2015,LOAN_COLLATERAL,PT_ENT,0.042133684
EE,Estonia,2016,LOAN_COLLATERAL,PT_ENT,0.046150367
EE,Estonia,2017,LOAN_COLLATERAL,PT_ENT,0.028412378
EE,Estonia,2018,LOAN_COLLATERAL,PT_ENT,0.101284996
EE,Estonia,2019,LOAN_COLLATERAL,PT_ENT,0.029782265
EE,Estonia,2020,LOAN_GOV_DIRECT,EUR,85.009
EE,Estonia,2021,LOAN_GOV_DIRECT,EUR,10
EE,Estonia,2022,LOAN_GOV_DIRECT,EUR,3.79
EE,Estonia,2007,LOAN_GOV_GUARANTEED,EUR,48.61210331
EE,Estonia,2008,LOAN_GOV_GUARANTEED,EUR,39.46886379
EE,Estonia,2009,LOAN_GOV_GUARANTEED,EUR,86.05830914
EE,Estonia,2010,LOAN_GOV_GUARANTEED,EUR,121.9347841
EE,Estonia,2011,LOAN_GOV_GUARANTEED,EUR,116.0326946
EE,Estonia,2012,LOAN_GOV_GUARANTEED,EUR,122.2879346
EE,Estonia,2013,LOAN_GOV_GUARANTEED,EUR,99.99888662
EE,Estonia,2014,LOAN_GOV_GUARANTEED,EUR,110.8279739
EE,Estonia,2015,LOAN_GOV_GUARANTEED,EUR,112.09198
EE,Estonia,2016,LOAN_GOV_GUARANTEED,EUR,170.8430003
EE,Estonia,2017,LOAN_GOV_GUARANTEED,EUR,99.67062633
EE,Estonia,2018,LOAN_GOV_GUARANTEED,EUR,118.14
EE,Estonia,2019,LOAN_GOV_GUARANTEED,EUR,145.5
EE,Estonia,2020,LOAN_GOV_GUARANTEED,EUR,188.13
EE,Estonia,2021,LOAN_GOV_GUARANTEED,EUR,140.1
EE,Estonia,2022,LOAN_GOV_GUARANTEED,EUR,153.72
EE,Estonia,2007,LOAN_GOV_GUARANTEES,EUR,22.78833108
EE,Estonia,2008,LOAN_GOV_GUARANTEES,EUR,23.25739715
EE,Estonia,2009,LOAN_GOV_GUARANTEES,EUR,51.63714698
EE,Estonia,2010,LOAN_GOV_GUARANTEES,EUR,65.99752147
EE,Estonia,2011,LOAN_GOV_GUARANTEES,EUR,52.50886551
EE,Estonia,2012,LOAN_GOV_GUARANTEES,EUR,59.89032569
EE,Estonia,2013,LOAN_GOV_GUARANTEES,EUR,51.91170691
EE,Estonia,2014,LOAN_GOV_GUARANTEES,EUR,66.02658349
EE,Estonia,2015,LOAN_GOV_GUARANTEES,EUR,65.62404679
EE,Estonia,2016,LOAN_GOV_GUARANTEES,EUR,93.48087783
EE,Estonia,2017,LOAN_GOV_GUARANTEES,EUR,60.944016070000004
EE,Estonia,2018,LOAN_GOV_GUARANTEES,EUR,72.2
EE,Estonia,2019,LOAN_GOV_GUARANTEES,EUR,75.3
EE,Estonia,2020,LOAN_GOV_GUARANTEES,EUR,112.6
EE,Estonia,2021,LOAN_GOV_GUARANTEES,EUR,94
EE,Estonia,2022,LOAN_GOV_GUARANTEES,EUR,100.56
EE,Estonia,2007,LOAN_LT,EUR,1955.586017
EE,Estonia,2008,LOAN_LT,EUR,2013.221042
EE,Estonia,2009,LOAN_LT,EUR,1749.291535
EE,Estonia,2010,LOAN_LT,EUR,1578.048584
EE,Estonia,2011,LOAN_LT,EUR,1355.122701
EE,Estonia,2012,LOAN_LT,EUR,1311.038124
EE,Estonia,2013,LOAN_LT,EUR,1335.545783
EE,Estonia,2014,LOAN_LT,EUR,1365.924495
EE,Estonia,2015,LOAN_LT,EUR,1369.940763
EE,Estonia,2016,LOAN_LT,EUR,1390.955603
EE,Estonia,2017,LOAN_LT,EUR,1493.172253
EE,Estonia,2018,LOAN_LT,EUR,1399.635421
EE,Estonia,2019,LOAN_LT,EUR,1298.76384
EE,Estonia,2020,LOAN_LT,EUR,1308
EE,Estonia,2021,LOAN_LT,EUR,1473.476227
EE,Estonia,2022,LOAN_LT,EUR,1469.354058
EE,Estonia,2007,LOAN_ST,PT_ENT,19.72529111
EE,Estonia,2007,LOAN_ST,EUR,480.531216
EE,Estonia,2008,LOAN_ST,PT_ENT,19.09431456
EE,Estonia,2008,LOAN_ST,EUR,475.1344191
EE,Estonia,2009,LOAN_ST,PT_ENT,17.73537575
EE,Estonia,2009,LOAN_ST,EUR,377.1286012
EE,Estonia,2010,LOAN_ST,PT_ENT,16.76473952
EE,Estonia,2010,LOAN_ST,EUR,317.8409405
EE,Estonia,2011,LOAN_ST,PT_ENT,19.38799991
EE,Estonia,2011,LOAN_ST,EUR,325.9206912
EE,Estonia,2012,LOAN_ST,PT_ENT,18.74008586
EE,Estonia,2012,LOAN_ST,EUR,302.3503935
EE,Estonia,2013,LOAN_ST,PT_ENT,19.20250486
EE,Estonia,2013,LOAN_ST,EUR,317.4086564
EE,Estonia,2014,LOAN_ST,PT_ENT,19.62014001
EE,Estonia,2014,LOAN_ST,EUR,333.4122482
EE,Estonia,2015,LOAN_ST,PT_ENT,18.0044932
EE,Estonia,2015,LOAN_ST,EUR,300.8102532
EE,Estonia,2016,LOAN_ST,PT_ENT,18.45806985
EE,Estonia,2016,LOAN_ST,EUR,314.8607793
EE,Estonia,2017,LOAN_ST,PT_ENT,17.65698124
EE,Estonia,2017,LOAN_ST,EUR,320.1839678
EE,Estonia,2018,LOAN_ST,PT_ENT,17.62536156
EE,Estonia,2018,LOAN_ST,EUR,299.474217
EE,Estonia,2019,LOAN_ST,PT_ENT,16.86297137
EE,Estonia,2019,LOAN_ST,EUR,263.4327663
EE,Estonia,2020,LOAN_ST,PT_ENT,13.20504313
EE,Estonia,2020,LOAN_ST,EUR,199
EE,Estonia,2021,LOAN_ST,PT_ENT,11.25299655
EE,Estonia,2021,LOAN_ST,EUR,186.8347352
EE,Estonia,2022,LOAN_ST,PT_ENT,12.56674495
EE,Estonia,2022,LOAN_ST,EUR,211.1896402
EE,Estonia,2007,NPL,PT_ENT,0.605860959
EE,Estonia,2007,NPL,PT_ENT,0.949308312
EE,Estonia,2008,NPL,PT_ENT,3.708755534
EE,Estonia,2008,NPL,PT_ENT,3.590324321
EE,Estonia,2009,NPL,PT_ENT,8.761698518
EE,Estonia,2009,NPL,PT_ENT,7.361969548
EE,Estonia,2010,NPL,PT_ENT,8.528493917
EE,Estonia,2010,NPL,PT_ENT,8.168812383
EE,Estonia,2011,NPL,PT_ENT,5.906997649
EE,Estonia,2011,NPL,PT_ENT,6.314569432
EE,Estonia,2012,NPL,PT_ENT,3.789307818
EE,Estonia,2012,NPL,PT_ENT,5.178174407
EE,Estonia,2013,NPL,PT_ENT,2.011948708
EE,Estonia,2013,NPL,PT_ENT,3.267304275
EE,Estonia,2014,NPL,PT_ENT,1.966029233
EE,Estonia,2014,NPL,PT_ENT,2.956105207
EE,Estonia,2015,NPL,PT_ENT,1.564413158
EE,Estonia,2015,NPL,PT_ENT,2.785122088
EE,Estonia,2016,NPL,PT_ENT,1.622010906
EE,Estonia,2016,NPL,PT_ENT,2.877270663
EE,Estonia,2017,NPL,PT_ENT,1.345568733
EE,Estonia,2017,NPL,PT_ENT,1.936151194
EE,Estonia,2018,NPL,PT_ENT,0.810470595
EE,Estonia,2018,NPL,PT_ENT,1.9894729310000001
EE,Estonia,2019,NPL,PT_ENT,0.704898462
EE,Estonia,2019,NPL,PT_ENT,2.193635315
EE,Estonia,2020,NPL,PT_ENT,0.59
EE,Estonia,2020,NPL,PT_ENT,2.09
EE,Estonia,2021,NPL,PT_ENT,0.285718791
EE,Estonia,2021,NPL,PT_ENT,0.842847814
EE,Estonia,2022,NPL,PT_ENT,0.230717752
EE,Estonia,2022,NPL,PT_ENT,0.564397862
EE,Estonia,2007,PAYMENT_DELAYS,D,9
EE,Estonia,2008,PAYMENT_DELAYS,D,8.1
EE,Estonia,2009,PAYMENT_DELAYS,D,12.7
EE,Estonia,2010,PAYMENT_DELAYS,D,12.8
EE,Estonia,2011,PAYMENT_DELAYS,D,10.2
EE,Estonia,2012,PAYMENT_DELAYS,D,10.1
EE,Estonia,2013,PAYMENT_DELAYS,D,9.4
EE,Estonia,2014,PAYMENT_DELAYS,D,7
EE,Estonia,2015,PAYMENT_DELAYS,D,6.9
EE,Estonia,2016,PAYMENT_DELAYS,D,6
EE,Estonia,2017,PAYMENT_DELAYS,D,5.5
EE,Estonia,2019,PAYMENT_DELAYS,D,6.4
EE,Estonia,2015,VC,EUR,96.565106
EE,Estonia,2016,VC,GR,9.441494322
EE,Estonia,2016,VC,EUR,105.682295
EE,Estonia,2017,VC,GR,157.9096622
EE,Estonia,2017,VC,EUR,272.56485
EE,Estonia,2018,VC,GR,19.29692365
EE,Estonia,2018,VC,EUR,325.161481
EE,Estonia,2019,VC,GR,-18.94664485
EE,Estonia,2019,VC,EUR,263.55429
EE,Estonia,2020,VC,GR,71.86
EE,Estonia,2020,VC,EUR,452.936224
EE,Estonia,2021,VC,GR,112.48
EE,Estonia,2021,VC,EUR,962.416857
EE,Estonia,2022,VC,GR,35.38
EE,Estonia,2022,VC,EUR,1302.95146
EL,Greece,2007,BANKRUPTCIES,ENT,524
EL,Greece,2008,BANKRUPTCIES,GR,-34.73282443
EL,Greece,2008,BANKRUPTCIES,ENT,342
EL,Greece,2009,BANKRUPTCIES,GR,7.602339181
EL,Greece,2009,BANKRUPTCIES,ENT,368
EL,Greece,2010,BANKRUPTCIES,GR,3.260869565
EL,Greece,2010,BANKRUPTCIES,ENT,380
EL,Greece,2011,BANKRUPTCIES,GR,24.73684211
EL,Greece,2011,BANKRUPTCIES,ENT,474
EL,Greece,2012,BANKRUPTCIES,GR,-4.008438819
EL,Greece,2012,BANKRUPTCIES,ENT,455
EL,Greece,2013,BANKRUPTCIES,GR,-3.956043956
EL,Greece,2013,BANKRUPTCIES,ENT,437
EL,Greece,2014,BANKRUPTCIES,GR,-23.3409611
EL,Greece,2014,BANKRUPTCIES,ENT,335
EL,Greece,2015,BANKRUPTCIES,GR,-38.50746269
EL,Greece,2015,BANKRUPTCIES,ENT,206
EL,Greece,2016,BANKRUPTCIES,GR,-46.11650485
EL,Greece,2016,BANKRUPTCIES,ENT,111
EL,Greece,2017,BANKRUPTCIES,GR,2.702702703
EL,Greece,2017,BANKRUPTCIES,ENT,114
EL,Greece,2018,BANKRUPTCIES,GR,-28.07017544
EL,Greece,2018,BANKRUPTCIES,ENT,82
EL,Greece,2019,BANKRUPTCIES,GR,-23.17073171
EL,Greece,2019,BANKRUPTCIES,ENT,63
EL,Greece,2020,BANKRUPTCIES,GR,-9.523809524
EL,Greece,2020,BANKRUPTCIES,ENT,57
EL,Greece,2021,BANKRUPTCIES,GR,-7.01754386
EL,Greece,2021,BANKRUPTCIES,ENT,53
EL,Greece,2007,FACTORING,EUR,1279.477
EL,Greece,2008,FACTORING,EUR,1725.253
EL,Greece,2009,FACTORING,EUR,1766.679
EL,Greece,2010,FACTORING,EUR,1729.51
EL,Greece,2011,FACTORING,EUR,1492.697
EL,Greece,2012,FACTORING,EUR,1534.059
EL,Greece,2013,FACTORING,EUR,1409.634
EL,Greece,2014,FACTORING,EUR,1694
EL,Greece,2015,FACTORING,EUR,1693.3
EL,Greece,2016,FACTORING,EUR,1716.399
EL,Greece,2017,FACTORING,EUR,1739.812
EL,Greece,2018,FACTORING,EUR,1931.257
EL,Greece,2019,FACTORING,EUR,1963.317
EL,Greece,2020,FACTORING,EUR,1886.2
EL,Greece,2021,FACTORING,EUR,2373.597
EL,Greece,2022,FACTORING,EUR,2982.247
EL,Greece,2007,INTEREST_RATE,PA,5.32
EL,Greece,2007,INTEREST_RATE,PA,6.57
EL,Greece,2008,INTEREST_RATE,PA,5.71
EL,Greece,2008,INTEREST_RATE,PA,6.82
EL,Greece,2009,INTEREST_RATE,PA,3.52
EL,Greece,2009,INTEREST_RATE,PA,4.62
EL,Greece,2010,INTEREST_RATE,PA,4.27
EL,Greece,2010,INTEREST_RATE,PA,5.53
EL,Greece,2011,INTEREST_RATE,PA,5.74
EL,Greece,2011,INTEREST_RATE,PA,6.77
EL,Greece,2012,INTEREST_RATE,PA,5.92
EL,Greece,2012,INTEREST_RATE,PA,6.87
EL,Greece,2013,INTEREST_RATE,PA,5.77
EL,Greece,2013,INTEREST_RATE,PA,6.51
EL,Greece,2014,INTEREST_RATE,PA,5.55
EL,Greece,2014,INTEREST_RATE,PA,5.8
EL,Greece,2015,INTEREST_RATE,PA,4.82
EL,Greece,2015,INTEREST_RATE,PA,5.38
EL,Greece,2016,INTEREST_RATE,PA,4.61
EL,Greece,2016,INTEREST_RATE,PA,5.32
EL,Greece,2017,INTEREST_RATE,PA,4.2
EL,Greece,2017,INTEREST_RATE,PA,4.91
EL,Greece,2018,INTEREST_RATE,PA,3.81
EL,Greece,2018,INTEREST_RATE,PA,4.66
EL,Greece,2019,INTEREST_RATE,PA,3.64
EL,Greece,2019,INTEREST_RATE,PA,4.314162539
EL,Greece,2020,INTEREST_RATE,PA,2.83
EL,Greece,2020,INTEREST_RATE,PA,3.94
EL,Greece,2021,INTEREST_RATE,PA,2.7
EL,Greece,2021,INTEREST_RATE,PA,3.79
EL,Greece,2022,INTEREST_RATE,PA,3.23
EL,Greece,2022,INTEREST_RATE,PA,4.28
EL,Greece,2007,INTEREST_RATE_SPREAD,PD,1.25
EL,Greece,2008,INTEREST_RATE_SPREAD,PD,1.11
EL,Greece,2009,INTEREST_RATE_SPREAD,PD,1.1
EL,Greece,2010,INTEREST_RATE_SPREAD,PD,1.26
EL,Greece,2011,INTEREST_RATE_SPREAD,PD,1.03
EL,Greece,2012,INTEREST_RATE_SPREAD,PD,0.95
EL,Greece,2013,INTEREST_RATE_SPREAD,PD,0.74
EL,Greece,2014,INTEREST_RATE_SPREAD,PD,0.25
EL,Greece,2015,INTEREST_RATE_SPREAD,PD,0.56
EL,Greece,2016,INTEREST_RATE_SPREAD,PD,0.71
EL,Greece,2017,INTEREST_RATE_SPREAD,PD,0.71
EL,Greece,2018,INTEREST_RATE_SPREAD,PD,0.85
EL,Greece,2019,INTEREST_RATE_SPREAD,PD,0.674162539
EL,Greece,2020,INTEREST_RATE_SPREAD,PD,1.11
EL,Greece,2021,INTEREST_RATE_SPREAD,PD,1.09
EL,Greece,2022,INTEREST_RATE_SPREAD,PD,1.05
EL,Greece,2007,LEASING,EUR,7277.854
EL,Greece,2008,LEASING,EUR,7873.572
EL,Greece,2009,LEASING,EUR,7495.515
EL,Greece,2010,LEASING,EUR,7284.497
EL,Greece,2011,LEASING,EUR,6845.497
EL,Greece,2012,LEASING,EUR,6215.365
EL,Greece,2013,LEASING,EUR,3362.13
EL,Greece,2014,LEASING,EUR,4083
EL,Greece,2015,LEASING,EUR,4724.64
EL,Greece,2016,LEASING,EUR,4396.111
EL,Greece,2017,LEASING,EUR,4248.757
EL,Greece,2018,LEASING,EUR,3958.18
EL,Greece,2019,LEASING,EUR,3396.102
EL,Greece,2020,LEASING,EUR,3319.53
EL,Greece,2021,LEASING,EUR,2522.817
EL,Greece,2022,LEASING,EUR,2698.538
EL,Greece,2007,LOAN,EUR,102160
EL,Greece,2007,LOAN,EUR,0
EL,Greece,2008,LOAN,PT_ENT,34.21147598
EL,Greece,2008,LOAN,EUR,124131
EL,Greece,2008,LOAN,EUR,36543.65756
EL,Greece,2008,LOAN,EUR,12502.12463
EL,Greece,2009,LOAN,PT_ENT,35.64230862
EL,Greece,2009,LOAN,EUR,123820
EL,Greece,2009,LOAN,EUR,36344.62112
EL,Greece,2009,LOAN,EUR,12954.06203
EL,Greece,2010,LOAN,PT_ENT,38.49580308
EL,Greece,2010,LOAN,PT_ENT,21.39157739
EL,Greece,2010,LOAN,EUR,116514
EL,Greece,2010,LOAN,EUR,20739.58743
EL,Greece,2010,LOAN,EUR,44853
EL,Greece,2010,LOAN,EUR,4436.524896
EL,Greece,2011,LOAN,PT_ENT,36.84317611
EL,Greece,2011,LOAN,PT_ENT,17.75286797
EL,Greece,2011,LOAN,EUR,113044
EL,Greece,2011,LOAN,EUR,29386.24916
EL,Greece,2011,LOAN,EUR,41649
EL,Greece,2011,LOAN,EUR,5216.902014
EL,Greece,2012,LOAN,PT_ENT,38.81974632
EL,Greece,2012,LOAN,PT_ENT,18.87898118
EL,Greece,2012,LOAN,EUR,100758
EL,Greece,2012,LOAN,EUR,21796.2822
EL,Greece,2012,LOAN,EUR,39114
EL,Greece,2012,LOAN,EUR,4114.916014
EL,Greece,2013,LOAN,PT_ENT,49.74950833
EL,Greece,2013,LOAN,PT_ENT,15.03447239
EL,Greece,2013,LOAN,EUR,96610
EL,Greece,2013,LOAN,EUR,24301.38827
EL,Greece,2013,LOAN,EUR,48063
EL,Greece,2013,LOAN,EUR,3653.585508
EL,Greece,2014,LOAN,PT_ENT,50.56855697
EL,Greece,2014,LOAN,PT_ENT,15.61915372
EL,Greece,2014,LOAN,EUR,95197.496
EL,Greece,2014,LOAN,EUR,14929.20131
EL,Greece,2014,LOAN,EUR,48140
EL,Greece,2014,LOAN,EUR,2331.814902
EL,Greece,2015,LOAN,PT_ENT,52.64509654
EL,Greece,2015,LOAN,PT_ENT,16.96811267
EL,Greece,2015,LOAN,EUR,89140.754
EL,Greece,2015,LOAN,EUR,6940.436
EL,Greece,2015,LOAN,EUR,46928.236
EL,Greece,2015,LOAN,EUR,1177.661
EL,Greece,2016,LOAN,PT_ENT,55.32502534
EL,Greece,2016,LOAN,PT_ENT,18.42764747
EL,Greece,2016,LOAN,EUR,87501.471
EL,Greece,2016,LOAN,EUR,5771.263
EL,Greece,2016,LOAN,EUR,48410.211
EL,Greece,2016,LOAN,EUR,1063.508
EL,Greece,2017,LOAN,PT_ENT,54.39198863
EL,Greece,2017,LOAN,PT_ENT,15.52877152
EL,Greece,2017,LOAN,EUR,82113.646
EL,Greece,2017,LOAN,EUR,7259.383
EL,Greece,2017,LOAN,EUR,44663.245
EL,Greece,2017,LOAN,EUR,1127.293
EL,Greece,2018,LOAN,PT_ENT,53.75238943
EL,Greece,2018,LOAN,PT_ENT,10.1762204
EL,Greece,2018,LOAN,EUR,76378
EL,Greece,2018,LOAN,EUR,11423.819
EL,Greece,2018,LOAN,EUR,41055
EL,Greece,2018,LOAN,EUR,1162.513
EL,Greece,2019,LOAN,PT_ENT,52.30674544
EL,Greece,2019,LOAN,PT_ENT,16.04936449
EL,Greece,2019,LOAN,EUR,67347.245
EL,Greece,2019,LOAN,EUR,7994.086
EL,Greece,2019,LOAN,EUR,35227.152
EL,Greece,2019,LOAN,EUR,1283
EL,Greece,2020,LOAN,PT_ENT,48.11750817
EL,Greece,2020,LOAN,PT_ENT,21.82091766
EL,Greece,2020,LOAN,EUR,66594.18
EL,Greece,2020,LOAN,EUR,16195.79
EL,Greece,2020,LOAN,EUR,32043.46
EL,Greece,2020,LOAN,EUR,3534.07
EL,Greece,2021,LOAN,PT_ENT,43.88594438
EL,Greece,2021,LOAN,PT_ENT,28.38579023
EL,Greece,2021,LOAN,EUR,58112
EL,Greece,2021,LOAN,EUR,11851
EL,Greece,2021,LOAN,EUR,25503
EL,Greece,2021,LOAN,EUR,3364
EL,Greece,2022,LOAN,PT_ENT,20.46014454
EL,Greece,2022,LOAN,EUR,64001.03
EL,Greece,2022,LOAN,EUR,22199.633
EL,Greece,2022,LOAN,EUR,4542.077
EL,Greece,2009,LOAN_APPLICATIONS,PT_ENT,37.905
EL,Greece,2010,LOAN_APPLICATIONS,PT_ENT,39.643
EL,Greece,2011,LOAN_APPLICATIONS,PT_ENT,30.75
EL,Greece,2012,LOAN_APPLICATIONS,PT_ENT,29.918
EL,Greece,2013,LOAN_APPLICATIONS,PT_ENT,21.359
EL,Greece,2014,LOAN_APPLICATIONS,PT_ENT,25.533
EL,Greece,2015,LOAN_APPLICATIONS,PT_ENT,18.8
EL,Greece,2016,LOAN_APPLICATIONS,PT_ENT,21.5
EL,Greece,2017,LOAN_APPLICATIONS,PT_ENT,17.52
EL,Greece,2018,LOAN_APPLICATIONS,PT_ENT,23.039
EL,Greece,2019,LOAN_APPLICATIONS,PT_ENT,23.919
EL,Greece,2020,LOAN_APPLICATIONS,PT_ENT,31.261
EL,Greece,2021,LOAN_APPLICATIONS,PT_ENT,21.933
EL,Greece,2022,LOAN_APPLICATIONS,PT_ENT,23.225
EL,Greece,2009,LOAN_COLLATERAL,PT_ENT,51.408
EL,Greece,2010,LOAN_COLLATERAL,PT_ENT,40.52
EL,Greece,2011,LOAN_COLLATERAL,PT_ENT,49.431
EL,Greece,2012,LOAN_COLLATERAL,PT_ENT,46.688
EL,Greece,2013,LOAN_COLLATERAL,PT_ENT,45.926
EL,Greece,2014,LOAN_COLLATERAL,PT_ENT,46.239
EL,Greece,2015,LOAN_COLLATERAL,PT_ENT,49.209
EL,Greece,2016,LOAN_COLLATERAL,PT_ENT,39.812
EL,Greece,2017,LOAN_COLLATERAL,PT_ENT,25.733
EL,Greece,2018,LOAN_COLLATERAL,PT_ENT,20.683
EL,Greece,2019,LOAN_COLLATERAL,PT_ENT,18.506
EL,Greece,2020,LOAN_COLLATERAL,PT_ENT,18.444
EL,Greece,2021,LOAN_COLLATERAL,PT_ENT,13.724
EL,Greece,2022,LOAN_COLLATERAL,PT_ENT,28.495
EL,Greece,2013,LOAN_GOV_GUARANTEES,EUR,374.42
EL,Greece,2014,LOAN_GOV_GUARANTEES,EUR,308.5
EL,Greece,2015,LOAN_GOV_GUARANTEES,EUR,235.51
EL,Greece,2016,LOAN_GOV_GUARANTEES,EUR,562.4
EL,Greece,2017,LOAN_GOV_GUARANTEES,EUR,1076.2
EL,Greece,2018,LOAN_GOV_GUARANTEES,EUR,1198.36
EL,Greece,2019,LOAN_GOV_GUARANTEES,EUR,1356.96
EL,Greece,2020,LOAN_GOV_GUARANTEES,EUR,3940.95
EL,Greece,2021,LOAN_GOV_GUARANTEES,EUR,3974.55
EL,Greece,2022,LOAN_GOV_GUARANTEES,EUR,4052.4
EL,Greece,2014,LOAN_LT,EUR,30052.407
EL,Greece,2015,LOAN_LT,EUR,29294
EL,Greece,2016,LOAN_LT,EUR,29560.92
EL,Greece,2017,LOAN_LT,EUR,27681.168
EL,Greece,2018,LOAN_LT,EUR,25919.331
EL,Greece,2019,LOAN_LT,EUR,21795.581
EL,Greece,2020,LOAN_LT,EUR,22511.1
EL,Greece,2021,LOAN_LT,EUR,18565.871
EL,Greece,2009,LOAN_REJECTION,PT_ENT,25.838
EL,Greece,2010,LOAN_REJECTION,PT_ENT,24.487
EL,Greece,2011,LOAN_REJECTION,PT_ENT,33.837
EL,Greece,2012,LOAN_REJECTION,PT_ENT,28.329
EL,Greece,2013,LOAN_REJECTION,PT_ENT,25.992
EL,Greece,2014,LOAN_REJECTION,PT_ENT,21.451
EL,Greece,2015,LOAN_REJECTION,PT_ENT,19.9
EL,Greece,2016,LOAN_REJECTION,PT_ENT,18.17
EL,Greece,2017,LOAN_REJECTION,PT_ENT,16.16
EL,Greece,2018,LOAN_REJECTION,PT_ENT,20.5
EL,Greece,2019,LOAN_REJECTION,PT_ENT,11.442
EL,Greece,2020,LOAN_REJECTION,PT_ENT,12.34
EL,Greece,2021,LOAN_REJECTION,PT_ENT,10.357
EL,Greece,2022,LOAN_REJECTION,PT_ENT,14.957
EL,Greece,2014,LOAN_ST,PT_ENT,37.57319217
EL,Greece,2014,LOAN_ST,EUR,18087.82
EL,Greece,2015,LOAN_ST,PT_ENT,37.57671326
EL,Greece,2015,LOAN_ST,EUR,17634
EL,Greece,2016,LOAN_ST,PT_ENT,38.93661297
EL,Greece,2016,LOAN_ST,EUR,18849.3
EL,Greece,2017,LOAN_ST,PT_ENT,38.02248807
EL,Greece,2017,LOAN_ST,EUR,16982.077
EL,Greece,2018,LOAN_ST,PT_ENT,36.86641517
EL,Greece,2018,LOAN_ST,EUR,15135.412
EL,Greece,2019,LOAN_ST,PT_ENT,38.12846125
EL,Greece,2019,LOAN_ST,EUR,13431.571
EL,Greece,2020,LOAN_ST,PT_ENT,29.74820127
EL,Greece,2020,LOAN_ST,EUR,9532.35
EL,Greece,2021,LOAN_ST,PT_ENT,27.20166119
EL,Greece,2021,LOAN_ST,EUR,6937.281
EL,Greece,2007,NPL,PT_ENT,4.6
EL,Greece,2008,NPL,PT_ENT,4.3
EL,Greece,2009,NPL,PT_ENT,6.7
EL,Greece,2010,NPL,PT_ENT,8.7
EL,Greece,2011,NPL,PT_ENT,14.2
EL,Greece,2012,NPL,PT_ENT,23.4
EL,Greece,2013,NPL,PT_ENT,31.8
EL,Greece,2014,NPL,PT_ENT,29.4
EL,Greece,2014,NPL,PT_ENT,41.2
EL,Greece,2015,NPL,PT_ENT,31
EL,Greece,2015,NPL,PT_ENT,44.1
EL,Greece,2016,NPL,PT_ENT,30.3
EL,Greece,2016,NPL,PT_ENT,43.2
EL,Greece,2017,NPL,PT_ENT,30.5
EL,Greece,2017,NPL,PT_ENT,42.5
EL,Greece,2018,NPL,PT_ENT,28.6
EL,Greece,2018,NPL,PT_ENT,38.1
EL,Greece,2019,NPL,PT_ENT,25.5
EL,Greece,2019,NPL,PT_ENT,36.1
EL,Greece,2020,NPL,PT_ENT,19.1
EL,Greece,2020,NPL,PT_ENT,28.5
EL,Greece,2021,NPL,PT_ENT,8.8
EL,Greece,2021,NPL,PT_ENT,16.4
EL,Greece,2022,NPL,PT_ENT,5.627441779
EL,Greece,2022,NPL,PT_ENT,9.178350572
EL,Greece,2008,PAYMENT_DELAYS,D,25
EL,Greece,2009,PAYMENT_DELAYS,D,34
EL,Greece,2010,PAYMENT_DELAYS,D,30
EL,Greece,2011,PAYMENT_DELAYS,D,35
EL,Greece,2012,PAYMENT_DELAYS,D,40
EL,Greece,2013,PAYMENT_DELAYS,D,43
EL,Greece,2014,PAYMENT_DELAYS,D,41
EL,Greece,2015,PAYMENT_DELAYS,D,36
EL,Greece,2016,PAYMENT_DELAYS,D,47
EL,Greece,2017,PAYMENT_DELAYS,D,47
EL,Greece,2018,PAYMENT_DELAYS,D,33
EL,Greece,2019,PAYMENT_DELAYS,D,17
EL,Greece,2021,PAYMENT_DELAYS,D,50
EL,Greece,2022,PAYMENT_DELAYS,D,36
EL,Greece,2007,VC,EUR,19027
EL,Greece,2008,VC,GR,71.93987491
EL,Greece,2008,VC,EUR,32715
EL,Greece,2009,VC,GR,-49.01727037
EL,Greece,2009,VC,EUR,16679
EL,Greece,2010,VC,GR,50.06894898
EL,Greece,2010,VC,EUR,25030
EL,Greece,2011,VC,GR,-59.66040751
EL,Greece,2011,VC,EUR,10097
EL,Greece,2012,VC,GR,-100
EL,Greece,2012,VC,EUR,0
EL,Greece,2013,VC,EUR,4833
EL,Greece,2014,VC,GR,160.1417339
EL,Greece,2014,VC,EUR,12572.65
EL,Greece,2015,VC,GR,197.0086895
EL,Greece,2015,VC,EUR,37341.863
EL,Greece,2016,VC,GR,1.818500593
EL,Greece,2016,VC,EUR,38020.925
EL,Greece,2017,VC,GR,17.22836044
EL,Greece,2017,VC,EUR,44571.307
EL,Greece,2018,VC,GR,88.62312698
EL,Greece,2018,VC,EUR,84071.793
EL,Greece,2019,VC,GR,74.93294808
EL,Greece,2019,VC,EUR,147069.266
EL,Greece,2020,VC,GR,1.992757617
EL,Greece,2020,VC,EUR,150000
EL,Greece,2021,VC,GR,233.3333333
EL,Greece,2021,VC,EUR,500000
EL,Greece,2022,VC,EUR,325000
PT,Portugal,2007,BANKRUPTCIES,ENT,2612
PT,Portugal,2008,BANKRUPTCIES,GR,35.06891271
PT,Portugal,2008,BANKRUPTCIES,ENT,3528
PT,Portugal,2009,BANKRUPTCIES,GR,8.134920635
PT,Portugal,2009,BANKRUPTCIES,ENT,3815
PT,Portugal,2010,BANKRUPTCIES,GR,7.234600262
PT,Portugal,2010,BANKRUPTCIES,ENT,4091
PT,Portugal,2011,BANKRUPTCIES,GR,16.01075532
PT,Portugal,2011,BANKRUPTCIES,ENT,4746
PT,Portugal,2012,BANKRUPTCIES,GR,40.91866835
PT,Portugal,2012,BANKRUPTCIES,ENT,6688
PT,Portugal,2013,BANKRUPTCIES,GR,-9.838516746
PT,Portugal,2013,BANKRUPTCIES,ENT,6030
PT,Portugal,2014,BANKRUPTCIES,GR,-33.34991708
PT,Portugal,2014,BANKRUPTCIES,ENT,4019
PT,Portugal,2015,BANKRUPTCIES,GR,17.26797711
PT,Portugal,2015,BANKRUPTCIES,ENT,4713
PT,Portugal,2016,BANKRUPTCIES,GR,-23.19117335
PT,Portugal,2016,BANKRUPTCIES,ENT,3620
PT,Portugal,2017,BANKRUPTCIES,GR,-14.39226519
PT,Portugal,2017,BANKRUPTCIES,ENT,3099
PT,Portugal,2018,BANKRUPTCIES,GR,-13.06873185
PT,Portugal,2018,BANKRUPTCIES,ENT,2694
PT,Portugal,2019,BANKRUPTCIES,GR,-4.974016333
PT,Portugal,2019,BANKRUPTCIES,ENT,2560
PT,Portugal,2020,BANKRUPTCIES,GR,-2.265625
PT,Portugal,2020,BANKRUPTCIES,ENT,2502
PT,Portugal,2021,BANKRUPTCIES,GR,-37.21023181
PT,Portugal,2021,BANKRUPTCIES,ENT,1571
PT,Portugal,2022,BANKRUPTCIES,ENT,1309
PT,Portugal,2009,FACTORING,EUR,621.012834
PT,Portugal,2010,FACTORING,EUR,732.788031
PT,Portugal,2011,FACTORING,EUR,402.087725
PT,Portugal,2012,FACTORING,EUR,338.004294
PT,Portugal,2013,FACTORING,EUR,375.945033
PT,Portugal,2014,FACTORING,EUR,476.143981
PT,Portugal,2015,FACTORING,EUR,546.727377
PT,Portugal,2016,FACTORING,EUR,440.716501
PT,Portugal,2017,FACTORING,EUR,418.343858
PT,Portugal,2018,FACTORING,EUR,929.6369877
PT,Portugal,2019,FACTORING,EUR,855.2272417
PT,Portugal,2020,FACTORING,EUR,513.2278418
PT,Portugal,2021,FACTORING,EUR,99
PT,Portugal,2022,FACTORING,EUR,113
PT,Portugal,2007,INTEREST_RATE,PA,5.29
PT,Portugal,2007,INTEREST_RATE,PA,7.05
PT,Portugal,2008,INTEREST_RATE,PA,5.92
PT,Portugal,2008,INTEREST_RATE,PA,7.64
PT,Portugal,2009,INTEREST_RATE,PA,3.88
PT,Portugal,2009,INTEREST_RATE,PA,5.72
PT,Portugal,2010,INTEREST_RATE,PA,3.78
PT,Portugal,2010,INTEREST_RATE,PA,5.45
PT,Portugal,2011,INTEREST_RATE,PA,5.4
PT,Portugal,2011,INTEREST_RATE,PA,7.41
PT,Portugal,2012,INTEREST_RATE,PA,5.43
PT,Portugal,2012,INTEREST_RATE,PA,7.59
PT,Portugal,2013,INTEREST_RATE,PA,4.97
PT,Portugal,2013,INTEREST_RATE,PA,6.82
PT,Portugal,2014,INTEREST_RATE,PA,4.37
PT,Portugal,2014,INTEREST_RATE,PA,5.97
PT,Portugal,2015,INTEREST_RATE,PA,3.25
PT,Portugal,2015,INTEREST_RATE,PA,4.6
PT,Portugal,2016,INTEREST_RATE,PA,2.69
PT,Portugal,2016,INTEREST_RATE,PA,3.83
PT,Portugal,2017,INTEREST_RATE,PA,2.14
PT,Portugal,2017,INTEREST_RATE,PA,3.42
PT,Portugal,2018,INTEREST_RATE,PA,1.93
PT,Portugal,2018,INTEREST_RATE,PA,3.13
PT,Portugal,2019,INTEREST_RATE,PA,1.85
PT,Portugal,2019,INTEREST_RATE,PA,2.93
PT,Portugal,2020,INTEREST_RATE,PA,1.7
PT,Portugal,2020,INTEREST_RATE,PA,2.48
PT,Portugal,2021,INTEREST_RATE,PA,1.72
PT,Portugal,2021,INTEREST_RATE,PA,2.51
PT,Portugal,2022,INTEREST_RATE,PA,2.66
PT,Portugal,2022,INTEREST_RATE,PA,3.18
PT,Portugal,2007,INTEREST_RATE_SPREAD,PD,1.76
PT,Portugal,2008,INTEREST_RATE_SPREAD,PD,1.72
PT,Portugal,2009,INTEREST_RATE_SPREAD,PD,1.84
PT,Portugal,2010,INTEREST_RATE_SPREAD,PD,1.67
PT,Portugal,2011,INTEREST_RATE_SPREAD,PD,2.01
PT,Portugal,2012,INTEREST_RATE_SPREAD,PD,2.16
PT,Portugal,2013,INTEREST_RATE_SPREAD,PD,1.85
PT,Portugal,2014,INTEREST_RATE_SPREAD,PD,1.6
PT,Portugal,2015,INTEREST_RATE_SPREAD,PD,1.35
PT,Portugal,2016,INTEREST_RATE_SPREAD,PD,1.14
PT,Portugal,2017,INTEREST_RATE_SPREAD,PD,1.28
PT,Portugal,2018,INTEREST_RATE_SPREAD,PD,1.2
PT,Portugal,2019,INTEREST_RATE_SPREAD,PD,1.08
PT,Portugal,2020,INTEREST_RATE_SPREAD,PD,0.78
PT,Portugal,2021,INTEREST_RATE_SPREAD,PD,0.79
PT,Portugal,2022,INTEREST_RATE_SPREAD,PD,0.52
PT,Portugal,2009,LEASING,EUR,5323.874191
PT,Portugal,2010,LEASING,EUR,5242.265624
PT,Portugal,2011,LEASING,EUR,3442.119225
PT,Portugal,2012,LEASING,EUR,3037.045384
PT,Portugal,2013,LEASING,EUR,2665.515673
PT,Portugal,2014,LEASING,EUR,2425.490201
PT,Portugal,2015,LEASING,EUR,2344.571035
PT,Portugal,2016,LEASING,EUR,2294.89653
PT,Portugal,2017,LEASING,EUR,2175.011214
PT,Portugal,2018,LEASING,EUR,2204.182038
PT,Portugal,2019,LEASING,EUR,1879.459534
PT,Portugal,2020,LEASING,EUR,1865.708935
PT,Portugal,2021,LEASING,EUR,467
PT,Portugal,2022,LEASING,EUR,497
PT,Portugal,2007,LOAN,PT_ENT,44.89535517
PT,Portugal,2007,LOAN,EUR,101610
PT,Portugal,2007,LOAN,EUR,64265
PT,Portugal,2007,LOAN,EUR,28852
PT,Portugal,2008,LOAN,PT_ENT,42.77760694
PT,Portugal,2008,LOAN,EUR,115809
PT,Portugal,2008,LOAN,EUR,61787
PT,Portugal,2008,LOAN,EUR,26431
PT,Portugal,2009,LOAN,PT_ENT,76.61038818
PT,Portugal,2009,LOAN,PT_ENT,49.96543381
PT,Portugal,2009,LOAN,EUR,117807
PT,Portugal,2009,LOAN,EUR,46288
PT,Portugal,2009,LOAN,EUR,90252.4
PT,Portugal,2009,LOAN,EUR,23128
PT,Portugal,2010,LOAN,PT_ENT,76.96421405
PT,Portugal,2010,LOAN,PT_ENT,49.42490891
PT,Portugal,2010,LOAN,EUR,114626
PT,Portugal,2010,LOAN,EUR,45558
PT,Portugal,2010,LOAN,EUR,88221
PT,Portugal,2010,LOAN,EUR,22517
PT,Portugal,2011,LOAN,PT_ENT,76.44805286
PT,Portugal,2011,LOAN,PT_ENT,31.63124667
PT,Portugal,2011,LOAN,EUR,113808
PT,Portugal,2011,LOAN,EUR,44984
PT,Portugal,2011,LOAN,EUR,87004
PT,Portugal,2011,LOAN,EUR,14229
PT,Portugal,2012,LOAN,PT_ENT,75.67813823
PT,Portugal,2012,LOAN,PT_ENT,27.52074097
PT,Portugal,2012,LOAN,EUR,105362
PT,Portugal,2012,LOAN,EUR,45562
PT,Portugal,2012,LOAN,EUR,79736
PT,Portugal,2012,LOAN,EUR,12539
PT,Portugal,2013,LOAN,PT_ENT,74.40594209
PT,Portugal,2013,LOAN,PT_ENT,24.16306915
PT,Portugal,2013,LOAN,EUR,99359
PT,Portugal,2013,LOAN,EUR,49108
PT,Portugal,2013,LOAN,EUR,73929
PT,Portugal,2013,LOAN,EUR,11866
PT,Portugal,2014,LOAN,PT_ENT,81.29921487
PT,Portugal,2014,LOAN,PT_ENT,28.79214164
PT,Portugal,2014,LOAN,EUR,86483
PT,Portugal,2014,LOAN,EUR,41230
PT,Portugal,2014,LOAN,EUR,70310
PT,Portugal,2014,LOAN,EUR,11871
PT,Portugal,2015,LOAN,PT_ENT,80.13221432
PT,Portugal,2015,LOAN,PT_ENT,35.19652205
PT,Portugal,2015,LOAN,EUR,82215
PT,Portugal,2015,LOAN,EUR,33813
PT,Portugal,2015,LOAN,EUR,65880.7
PT,Portugal,2015,LOAN,EUR,11901
PT,Portugal,2016,LOAN,PT_ENT,79.3622896
PT,Portugal,2016,LOAN,PT_ENT,37.87787385
PT,Portugal,2016,LOAN,EUR,77323.5
PT,Portugal,2016,LOAN,EUR,29838
PT,Portugal,2016,LOAN,EUR,61365.7
PT,Portugal,2016,LOAN,EUR,11302
PT,Portugal,2017,LOAN,PT_ENT,78.53076596
PT,Portugal,2017,LOAN,PT_ENT,37.7374844
PT,Portugal,2017,LOAN,EUR,73127.9
PT,Portugal,2017,LOAN,EUR,28844
PT,Portugal,2017,LOAN,EUR,57427.9
PT,Portugal,2017,LOAN,EUR,10885
PT,Portugal,2018,LOAN,PT_ENT,77.68641714
PT,Portugal,2018,LOAN,PT_ENT,35.55443006
PT,Portugal,2018,LOAN,EUR,69589.9
PT,Portugal,2018,LOAN,EUR,31591
PT,Portugal,2018,LOAN,EUR,54061.9
PT,Portugal,2018,LOAN,EUR,11232
PT,Portugal,2019,LOAN,PT_ENT,78.35329368
PT,Portugal,2019,LOAN,PT_ENT,36.11356775
PT,Portugal,2019,LOAN,EUR,67016.2
PT,Portugal,2019,LOAN,EUR,32791
PT,Portugal,2019,LOAN,EUR,52509.4
PT,Portugal,2019,LOAN,EUR,11842
PT,Portugal,2020,LOAN,PT_ENT,79.72823126
PT,Portugal,2020,LOAN,PT_ENT,35.28091511
PT,Portugal,2020,LOAN,EUR,73974.38657
PT,Portugal,2020,LOAN,EUR,33546.62238
PT,Portugal,2020,LOAN,EUR,58978.47
PT,Portugal,2020,LOAN,EUR,11835.55536
PT,Portugal,2021,LOAN,PT_ENT,80.49883025
PT,Portugal,2021,LOAN,PT_ENT,36.50244886
PT,Portugal,2021,LOAN,EUR,75657
PT,Portugal,2021,LOAN,EUR,20826
PT,Portugal,2021,LOAN,EUR,60903
PT,Portugal,2021,LOAN,EUR,7602
PT,Portugal,2022,LOAN,PT_ENT,80.16482522
PT,Portugal,2022,LOAN,PT_ENT,33.77612549
PT,Portugal,2022,LOAN,EUR,75318.57
PT,Portugal,2022,LOAN,EUR,22057
PT,Portugal,2022,LOAN,EUR,60379
PT,Portugal,2022,LOAN,EUR,7450
PT,Portugal,2009,LOAN_COLLATERAL,PT_ENT,76.25
PT,Portugal,2010,LOAN_COLLATERAL,PT_ENT,81.16
PT,Portugal,2011,LOAN_COLLATERAL,PT_ENT,82.63
PT,Portugal,2012,LOAN_COLLATERAL,PT_ENT,82.15
PT,Portugal,2013,LOAN_COLLATERAL,PT_ENT,83.09
PT,Portugal,2014,LOAN_COLLATERAL,PT_ENT,80.14
PT,Portugal,2015,LOAN_COLLATERAL,PT_ENT,81.84
PT,Portugal,2016,LOAN_COLLATERAL,PT_ENT,79.6
PT,Portugal,2017,LOAN_COLLATERAL,PT_ENT,80.98
PT,Portugal,2018,LOAN_COLLATERAL,PT_ENT,83.13
PT,Portugal,2019,LOAN_COLLATERAL,PT_ENT,86.95
PT,Portugal,2020,LOAN_COLLATERAL,PT_ENT,89.88
PT,Portugal,2021,LOAN_COLLATERAL,PT_ENT,89.6
PT,Portugal,2022,LOAN_COLLATERAL,PT_ENT,88.73
PT,Portugal,2009,LOAN_GOV_GUARANTEED,EUR,4961
PT,Portugal,2010,LOAN_GOV_GUARANTEED,EUR,6825
PT,Portugal,2011,LOAN_GOV_GUARANTEED,EUR,6147
PT,Portugal,2012,LOAN_GOV_GUARANTEED,EUR,5968
PT,Portugal,2013,LOAN_GOV_GUARANTEED,EUR,5802
PT,Portugal,2014,LOAN_GOV_GUARANTEED,EUR,5461
PT,Portugal,2015,LOAN_GOV_GUARANTEED,EUR,5595
PT,Portugal,2016,LOAN_GOV_GUARANTEED,EUR,5712
PT,Portugal,2017,LOAN_GOV_GUARANTEED,EUR,6068
PT,Portugal,2018,LOAN_GOV_GUARANTEED,EUR,6183
PT,Portugal,2019,LOAN_GOV_GUARANTEED,EUR,6290
PT,Portugal,2020,LOAN_GOV_GUARANTEED,EUR,13580
PT,Portugal,2021,LOAN_GOV_GUARANTEED,EUR,14014
PT,Portugal,2022,LOAN_GOV_GUARANTEED,EUR,11555
PT,Portugal,2009,LOAN_LT,EUR,65576
PT,Portugal,2010,LOAN_LT,EUR,65486
PT,Portugal,2011,LOAN_LT,EUR,65713
PT,Portugal,2012,LOAN_LT,EUR,64416
PT,Portugal,2013,LOAN_LT,EUR,60524
PT,Portugal,2014,LOAN_LT,EUR,58798
PT,Portugal,2015,LOAN_LT,EUR,56322
PT,Portugal,2016,LOAN_LT,EUR,51899.85052
PT,Portugal,2017,LOAN_LT,EUR,48506.58351
PT,Portugal,2018,LOAN_LT,EUR,46763.2674
PT,Portugal,2019,LOAN_LT,EUR,46010.36638
PT,Portugal,2020,LOAN_LT,EUR,50787.36385
PT,Portugal,2021,LOAN_LT,EUR,52180
PT,Portugal,2022,LOAN_LT,EUR,51192
PT,Portugal,2009,LOAN_ST,PT_ENT,27.34122236
PT,Portugal,2009,LOAN_ST,EUR,24676
PT,Portugal,2010,LOAN_ST,PT_ENT,25.77050816
PT,Portugal,2010,LOAN_ST,EUR,22735
PT,Portugal,2011,LOAN_ST,PT_ENT,24.47215677
PT,Portugal,2011,LOAN_ST,EUR,21292
PT,Portugal,2012,LOAN_ST,PT_ENT,19.21340423
PT,Portugal,2012,LOAN_ST,EUR,15320
PT,Portugal,2013,LOAN_ST,PT_ENT,18.13226204
PT,Portugal,2013,LOAN_ST,EUR,13405
PT,Portugal,2014,LOAN_ST,PT_ENT,16.37320438
PT,Portugal,2014,LOAN_ST,EUR,11512
PT,Portugal,2015,LOAN_ST,PT_ENT,14.50949439
PT,Portugal,2015,LOAN_ST,EUR,9559
PT,Portugal,2016,LOAN_ST,PT_ENT,15.42531004
PT,Portugal,2016,LOAN_ST,EUR,9465.849485
PT,Portugal,2017,LOAN_ST,PT_ENT,15.53481234
PT,Portugal,2017,LOAN_ST,EUR,8921.316495
PT,Portugal,2018,LOAN_ST,PT_ENT,13.50051071
PT,Portugal,2018,LOAN_ST,EUR,7298.6326
PT,Portugal,2019,LOAN_ST,PT_ENT,12.37689561
PT,Portugal,2019,LOAN_ST,EUR,6499.033624
PT,Portugal,2020,LOAN_ST,PT_ENT,13.888299
PT,Portugal,2020,LOAN_ST,EUR,8191.106279
PT,Portugal,2021,LOAN_ST,PT_ENT,14.32277556
PT,Portugal,2021,LOAN_ST,EUR,8723
PT,Portugal,2022,LOAN_ST,PT_ENT,15.20151071
PT,Portugal,2022,LOAN_ST,EUR,9177
PT,Portugal,2007,NPL,PT_ENT,1.5
PT,Portugal,2008,NPL,PT_ENT,2.2
PT,Portugal,2009,NPL,PT_ENT,3.9
PT,Portugal,2009,NPL,PT_ENT,4.67
PT,Portugal,2010,NPL,PT_ENT,4.1
PT,Portugal,2010,NPL,PT_ENT,5
PT,Portugal,2011,NPL,PT_ENT,6
PT,Portugal,2011,NPL,PT_ENT,7.33
PT,Portugal,2012,NPL,PT_ENT,9.4
PT,Portugal,2012,NPL,PT_ENT,11.76
PT,Portugal,2013,NPL,PT_ENT,11.8
PT,Portugal,2013,NPL,PT_ENT,14.82
PT,Portugal,2014,NPL,PT_ENT,14.2
PT,Portugal,2014,NPL,PT_ENT,16.50080572
PT,Portugal,2015,NPL,PT_ENT,15.2
PT,Portugal,2015,NPL,PT_ENT,17.89097566
PT,Portugal,2016,NPL,PT_ENT,15
PT,Portugal,2016,NPL,PT_ENT,17.61700755
PT,Portugal,2017,NPL,PT_ENT,12.7
PT,Portugal,2017,NPL,PT_ENT,14.65106682
PT,Portugal,2018,NPL,PT_ENT,7.8
PT,Portugal,2018,NPL,PT_ENT,8.83
PT,Portugal,2019,NPL,PT_ENT,4.6
PT,Portugal,2019,NPL,PT_ENT,5.145364449
PT,Portugal,2020,NPL,PT_ENT,3.323229108
PT,Portugal,2020,NPL,PT_ENT,3.868242089
PT,Portugal,2021,NPL,PT_ENT,2.3
PT,Portugal,2021,NPL,PT_ENT,2.66
PT,Portugal,2022,NPL,PT_ENT,2.05
PT,Portugal,2022,NPL,PT_ENT,2.43
PT,Portugal,2007,PAYMENT_DELAYS,D,39.9
PT,Portugal,2008,PAYMENT_DELAYS,D,33
PT,Portugal,2009,PAYMENT_DELAYS,D,35
PT,Portugal,2010,PAYMENT_DELAYS,D,37
PT,Portugal,2011,PAYMENT_DELAYS,D,41
PT,Portugal,2012,PAYMENT_DELAYS,D,40
PT,Portugal,2013,PAYMENT_DELAYS,D,35
PT,Portugal,2014,PAYMENT_DELAYS,D,33
PT,Portugal,2015,PAYMENT_DELAYS,D,21
PT,Portugal,2016,PAYMENT_DELAYS,D,20
PT,Portugal,2017,PAYMENT_DELAYS,D,20
PT,Portugal,2018,PAYMENT_DELAYS,D,12
PT,Portugal,2019,PAYMENT_DELAYS,D,18
PT,Portugal,2020,PAYMENT_DELAYS,D,12
PT,Portugal,2021,PAYMENT_DELAYS,D,12
PT,Portugal,2022,PAYMENT_DELAYS,D,13
PT,Portugal,2007,VC,EUR,120.83
PT,Portugal,2008,VC,GR,-45.97368203
PT,Portugal,2008,VC,EUR,65.28
PT,Portugal,2009,VC,GR,7.537806373
PT,Portugal,2009,VC,EUR,70.20068
PT,Portugal,2010,VC,GR,5.756368742
PT,Portugal,2010,VC,EUR,74.24169
PT,Portugal,2011,VC,GR,-65.26382953
PT,Portugal,2011,VC,EUR,25.78872
PT,Portugal,2012,VC,GR,107.2448342
PT,Portugal,2012,VC,EUR,53.44579
PT,Portugal,2013,VC,GR,99.11356909
PT,Portugal,2013,VC,EUR,106.41782
PT,Portugal,2014,VC,GR,0.393505524
PT,Portugal,2014,VC,EUR,106.83658
PT,Portugal,2015,VC,GR,-4.0723037
PT,Portugal,2015,VC,EUR,102.48587
PT,Portugal,2016,VC,GR,-82.00944189
PT,Portugal,2016,VC,EUR,18.43778
PT,Portugal,2017,VC,GR,55.27704528
PT,Portugal,2017,VC,EUR,28.62964
PT,Portugal,2018,VC,GR,5.837761145
PT,Portugal,2018,VC,EUR,30.30097
PT,Portugal,2019,VC,GR,128.3457592
PT,Portugal,2019,VC,EUR,69.19098
PT,Portugal,2020,VC,GR,-37.59692376
PT,Portugal,2020,VC,EUR,43.1773
PT,Portugal,2021,VC,GR,55.0889472
PT,Portugal,2021,VC,EUR,66.96322
PT,Portugal,2022,VC,EUR,72
ES,Spain,2007,BANKRUPTCIES,ENT,894
ES,Spain,2008,BANKRUPTCIES,GR,185.2348993
ES,Spain,2008,BANKRUPTCIES,ENT,2550
ES,Spain,2009,BANKRUPTCIES,GR,75.01960784
ES,Spain,2009,BANKRUPTCIES,ENT,4463
ES,Spain,2010,BANKRUPTCIES,GR,-6.184181044
ES,Spain,2010,BANKRUPTCIES,ENT,4187
ES,Spain,2011,BANKRUPTCIES,GR,17.31550036
ES,Spain,2011,BANKRUPTCIES,ENT,4912
ES,Spain,2012,BANKRUPTCIES,GR,34.91449511
ES,Spain,2012,BANKRUPTCIES,ENT,6627
ES,Spain,2013,BANKRUPTCIES,GR,13.42990795
ES,Spain,2013,BANKRUPTCIES,ENT,7517
ES,Spain,2014,BANKRUPTCIES,GR,-32.20699747
ES,Spain,2014,BANKRUPTCIES,ENT,5096
ES,Spain,2015,BANKRUPTCIES,GR,-22.93956044
ES,Spain,2015,BANKRUPTCIES,ENT,3927
ES,Spain,2016,BANKRUPTCIES,GR,-15.8390629
ES,Spain,2016,BANKRUPTCIES,ENT,3305
ES,Spain,2017,BANKRUPTCIES,GR,0.15128593
ES,Spain,2017,BANKRUPTCIES,ENT,3310
ES,Spain,2018,BANKRUPTCIES,GR,1.087613293
ES,Spain,2018,BANKRUPTCIES,ENT,3346
ES,Spain,2019,BANKRUPTCIES,GR,11.89479976
ES,Spain,2019,BANKRUPTCIES,ENT,3744
ES,Spain,2020,BANKRUPTCIES,GR,-6.303418803
ES,Spain,2020,BANKRUPTCIES,ENT,3508
ES,Spain,2021,BANKRUPTCIES,GR,26.48232611
ES,Spain,2021,BANKRUPTCIES,ENT,4437
ES,Spain,2022,BANKRUPTCIES,GR,21.11787244
ES,Spain,2022,BANKRUPTCIES,ENT,5374
ES,Spain,2007,INTEREST_RATE,PA,5.33
ES,Spain,2007,INTEREST_RATE,PA,5.96
ES,Spain,2008,INTEREST_RATE,PA,4.3
ES,Spain,2008,INTEREST_RATE,PA,5.51
ES,Spain,2009,INTEREST_RATE,PA,2.16
ES,Spain,2009,INTEREST_RATE,PA,3.63
ES,Spain,2010,INTEREST_RATE,PA,2.57
ES,Spain,2010,INTEREST_RATE,PA,3.78
ES,Spain,2011,INTEREST_RATE,PA,3.36
ES,Spain,2011,INTEREST_RATE,PA,4.95
ES,Spain,2012,INTEREST_RATE,PA,2.61
ES,Spain,2012,INTEREST_RATE,PA,4.91
ES,Spain,2013,INTEREST_RATE,PA,2.69
ES,Spain,2013,INTEREST_RATE,PA,4.79
ES,Spain,2014,INTEREST_RATE,PA,1.99
ES,Spain,2014,INTEREST_RATE,PA,3.86
ES,Spain,2015,INTEREST_RATE,PA,1.97
ES,Spain,2015,INTEREST_RATE,PA,3.01
ES,Spain,2016,INTEREST_RATE,PA,1.56
ES,Spain,2016,INTEREST_RATE,PA,2.44
ES,Spain,2017,INTEREST_RATE,PA,1.56
ES,Spain,2017,INTEREST_RATE,PA,2.15
ES,Spain,2018,INTEREST_RATE,PA,1.69
ES,Spain,2018,INTEREST_RATE,PA,1.89
ES,Spain,2019,INTEREST_RATE,PA,1.15
ES,Spain,2019,INTEREST_RATE,PA,1.71
ES,Spain,2020,INTEREST_RATE,PA,1.39
ES,Spain,2020,INTEREST_RATE,PA,1.71
ES,Spain,2021,INTEREST_RATE,PA,1.04
ES,Spain,2021,INTEREST_RATE,PA,1.56
ES,Spain,2022,INTEREST_RATE,PA,3.23
ES,Spain,2022,INTEREST_RATE,PA,3.44
ES,Spain,2007,INTEREST_RATE_SPREAD,PD,0.63
ES,Spain,2008,INTEREST_RATE_SPREAD,PD,1.21
ES,Spain,2009,INTEREST_RATE_SPREAD,PD,1.47
ES,Spain,2010,INTEREST_RATE_SPREAD,PD,1.21
ES,Spain,2011,INTEREST_RATE_SPREAD,PD,1.59
ES,Spain,2012,INTEREST_RATE_SPREAD,PD,2.3
ES,Spain,2013,INTEREST_RATE_SPREAD,PD,2.1
ES,Spain,2014,INTEREST_RATE_SPREAD,PD,1.87
ES,Spain,2015,INTEREST_RATE_SPREAD,PD,1.04
ES,Spain,2016,INTEREST_RATE_SPREAD,PD,0.88
ES,Spain,2017,INTEREST_RATE_SPREAD,PD,0.59
ES,Spain,2018,INTEREST_RATE_SPREAD,PD,0.2
ES,Spain,2019,INTEREST_RATE_SPREAD,PD,0.56
ES,Spain,2020,INTEREST_RATE_SPREAD,PD,0.32
ES,Spain,2021,INTEREST_RATE_SPREAD,PD,0.52
ES,Spain,2022,INTEREST_RATE_SPREAD,PD,0.2
ES,Spain,2007,LOAN,PT_ENT,39.75782038
ES,Spain,2007,LOAN,EUR,991
ES,Spain,2007,LOAN,EUR,892.99
ES,Spain,2007,LOAN,EUR,394
ES,Spain,2008,LOAN,PT_ENT,38.42841765
ES,Spain,2008,LOAN,EUR,952.075
ES,Spain,2008,LOAN,EUR,357
ES,Spain,2008,LOAN,EUR,929
ES,Spain,2009,LOAN,PT_ENT,30.29953917
ES,Spain,2009,LOAN,EUR,868
ES,Spain,2009,LOAN,EUR,915.105
ES,Spain,2009,LOAN,EUR,263
ES,Spain,2010,LOAN,PT_ENT,31.57894737
ES,Spain,2010,LOAN,EUR,665
ES,Spain,2010,LOAN,EUR,895.894
ES,Spain,2010,LOAN,EUR,210
ES,Spain,2011,LOAN,PT_ENT,33.0170778
ES,Spain,2011,LOAN,EUR,527
ES,Spain,2011,LOAN,EUR,840.402
ES,Spain,2011,LOAN,EUR,174
ES,Spain,2012,LOAN,PT_ENT,30.10309278
ES,Spain,2012,LOAN,EUR,485
ES,Spain,2012,LOAN,EUR,707.945
ES,Spain,2012,LOAN,EUR,146
ES,Spain,2013,LOAN,PT_ENT,34.09669211
ES,Spain,2013,LOAN,EUR,393
ES,Spain,2013,LOAN,EUR,608.898
ES,Spain,2013,LOAN,EUR,134
ES,Spain,2014,LOAN,PT_ENT,53.79285528
ES,Spain,2014,LOAN,PT_ENT,41.17647059
ES,Spain,2014,LOAN,EUR,357
ES,Spain,2014,LOAN,EUR,293
ES,Spain,2014,LOAN,EUR,544.682
ES,Spain,2014,LOAN,EUR,147
ES,Spain,2015,LOAN,PT_ENT,49.85420543
ES,Spain,2015,LOAN,PT_ENT,41.98473282
ES,Spain,2015,LOAN,EUR,393
ES,Spain,2015,LOAN,EUR,258
ES,Spain,2015,LOAN,EUR,517.509
ES,Spain,2015,LOAN,EUR,165
ES,Spain,2016,LOAN,PT_ENT,50.10141988
ES,Spain,2016,LOAN,PT_ENT,52.63157895
ES,Spain,2016,LOAN,EUR,323
ES,Spain,2016,LOAN,EUR,247
ES,Spain,2016,LOAN,EUR,493
ES,Spain,2016,LOAN,EUR,170
ES,Spain,2017,LOAN,PT_ENT,51.57232704
ES,Spain,2017,LOAN,PT_ENT,54.27728614
ES,Spain,2017,LOAN,EUR,339
ES,Spain,2017,LOAN,EUR,246
ES,Spain,2017,LOAN,EUR,477
ES,Spain,2017,LOAN,EUR,184
ES,Spain,2018,LOAN,PT_ENT,51.34529148
ES,Spain,2018,LOAN,PT_ENT,50.43227666
ES,Spain,2018,LOAN,EUR,347
ES,Spain,2018,LOAN,EUR,229
ES,Spain,2018,LOAN,EUR,446
ES,Spain,2018,LOAN,EUR,175
ES,Spain,2019,LOAN,PT_ENT,50.34482759
ES,Spain,2019,LOAN,PT_ENT,50
ES,Spain,2019,LOAN,EUR,348
ES,Spain,2019,LOAN,EUR,219
ES,Spain,2019,LOAN,EUR,435
ES,Spain,2019,LOAN,EUR,174
ES,Spain,2020,LOAN,PT_ENT,51.16772824
ES,Spain,2020,LOAN,PT_ENT,48.45938375
ES,Spain,2020,LOAN,EUR,357
ES,Spain,2020,LOAN,EUR,241
ES,Spain,2020,LOAN,EUR,471
ES,Spain,2020,LOAN,EUR,173
ES,Spain,2021,LOAN,PT_ENT,50.10570825
ES,Spain,2021,LOAN,PT_ENT,50.50167224
ES,Spain,2021,LOAN,EUR,299
ES,Spain,2021,LOAN,EUR,237
ES,Spain,2021,LOAN,EUR,473
ES,Spain,2021,LOAN,EUR,151
ES,Spain,2022,LOAN,PT_ENT,48.5106383
ES,Spain,2022,LOAN,PT_ENT,48.18941504
ES,Spain,2022,LOAN,EUR,359
ES,Spain,2022,LOAN,EUR,228
ES,Spain,2022,LOAN,EUR,470
ES,Spain,2022,LOAN,EUR,173
ES,Spain,2009,LOAN_APPLICATIONS,PT_ENT,38.07
ES,Spain,2010,LOAN_APPLICATIONS,PT_ENT,36.25
ES,Spain,2011,LOAN_APPLICATIONS,PT_ENT,34.67
ES,Spain,2012,LOAN_APPLICATIONS,PT_ENT,31.89
ES,Spain,2013,LOAN_APPLICATIONS,PT_ENT,31.49
ES,Spain,2014,LOAN_APPLICATIONS,PT_ENT,34.36
ES,Spain,2015,LOAN_APPLICATIONS,PT_ENT,33.81
ES,Spain,2016,LOAN_APPLICATIONS,PT_ENT,32.8
ES,Spain,2017,LOAN_APPLICATIONS,PT_ENT,28.14
ES,Spain,2018,LOAN_APPLICATIONS,PT_ENT,28.6
ES,Spain,2019,LOAN_APPLICATIONS,PT_ENT,33.87
ES,Spain,2020,LOAN_APPLICATIONS,PT_ENT,38.26
ES,Spain,2021,LOAN_APPLICATIONS,PT_ENT,22.07
ES,Spain,2022,LOAN_APPLICATIONS,PT_ENT,21.16
ES,Spain,2010,LOAN_COLLATERAL,PT_ENT,35.19
ES,Spain,2011,LOAN_COLLATERAL,PT_ENT,34.36
ES,Spain,2012,LOAN_COLLATERAL,PT_ENT,31.45
ES,Spain,2013,LOAN_COLLATERAL,PT_ENT,30
ES,Spain,2014,LOAN_COLLATERAL,PT_ENT,31.22
ES,Spain,2015,LOAN_COLLATERAL,PT_ENT,28.24
ES,Spain,2016,LOAN_COLLATERAL,PT_ENT,25.89
ES,Spain,2017,LOAN_COLLATERAL,PT_ENT,26.04
ES,Spain,2018,LOAN_COLLATERAL,PT_ENT,24.05
ES,Spain,2019,LOAN_COLLATERAL,PT_ENT,23.39
ES,Spain,2020,LOAN_COLLATERAL,PT_ENT,20.79
ES,Spain,2021,LOAN_COLLATERAL,PT_ENT,19.16
ES,Spain,2022,LOAN_COLLATERAL,PT_ENT,18.85
ES,Spain,2007,LOAN_GOV_DIRECT,EUR,10103
ES,Spain,2008,LOAN_GOV_DIRECT,EUR,12384
ES,Spain,2009,LOAN_GOV_DIRECT,EUR,19916
ES,Spain,2010,LOAN_GOV_DIRECT,EUR,23740
ES,Spain,2011,LOAN_GOV_DIRECT,EUR,26221
ES,Spain,2012,LOAN_GOV_DIRECT,EUR,23599
ES,Spain,2013,LOAN_GOV_DIRECT,EUR,23648
ES,Spain,2014,LOAN_GOV_DIRECT,EUR,22588
ES,Spain,2015,LOAN_GOV_DIRECT,EUR,21481
ES,Spain,2016,LOAN_GOV_DIRECT,EUR,20734
ES,Spain,2017,LOAN_GOV_DIRECT,EUR,20525
ES,Spain,2018,LOAN_GOV_DIRECT,EUR,20599
ES,Spain,2019,LOAN_GOV_DIRECT,EUR,19589
ES,Spain,2020,LOAN_GOV_DIRECT,EUR,29709
ES,Spain,2021,LOAN_GOV_DIRECT,EUR,26186
ES,Spain,2022,LOAN_GOV_DIRECT,EUR,24942
ES,Spain,2007,LOAN_GOV_GUARANTEED,EUR,5210
ES,Spain,2008,LOAN_GOV_GUARANTEED,EUR,7053
ES,Spain,2009,LOAN_GOV_GUARANTEED,EUR,5906
ES,Spain,2010,LOAN_GOV_GUARANTEED,EUR,7236
ES,Spain,2011,LOAN_GOV_GUARANTEED,EUR,7502
ES,Spain,2012,LOAN_GOV_GUARANTEED,EUR,4974
ES,Spain,2013,LOAN_GOV_GUARANTEED,EUR,2064
ES,Spain,2014,LOAN_GOV_GUARANTEED,EUR,938
ES,Spain,2015,LOAN_GOV_GUARANTEED,EUR,273
ES,Spain,2016,LOAN_GOV_GUARANTEED,EUR,109
ES,Spain,2017,LOAN_GOV_GUARANTEED,EUR,42
ES,Spain,2018,LOAN_GOV_GUARANTEED,EUR,30
ES,Spain,2007,LOAN_GOV_GUARANTEES,EUR,5550
ES,Spain,2008,LOAN_GOV_GUARANTEES,EUR,7700
ES,Spain,2009,LOAN_GOV_GUARANTEES,EUR,11000
ES,Spain,2010,LOAN_GOV_GUARANTEES,EUR,10100
ES,Spain,2011,LOAN_GOV_GUARANTEES,EUR,12000
ES,Spain,2012,LOAN_GOV_GUARANTEES,EUR,11000
ES,Spain,2013,LOAN_GOV_GUARANTEES,EUR,13000
ES,Spain,2014,LOAN_GOV_GUARANTEES,EUR,9100
ES,Spain,2015,LOAN_GOV_GUARANTEES,EUR,7600
ES,Spain,2016,LOAN_GOV_GUARANTEES,EUR,6500
ES,Spain,2017,LOAN_GOV_GUARANTEES,EUR,3110
ES,Spain,2007,LOAN_LT,EUR,15
ES,Spain,2008,LOAN_LT,EUR,11
ES,Spain,2009,LOAN_LT,EUR,17
ES,Spain,2010,LOAN_LT,EUR,14
ES,Spain,2011,LOAN_LT,EUR,8
ES,Spain,2012,LOAN_LT,EUR,7
ES,Spain,2013,LOAN_LT,EUR,9
ES,Spain,2014,LOAN_LT,EUR,11
ES,Spain,2015,LOAN_LT,EUR,12
ES,Spain,2016,LOAN_LT,EUR,17
ES,Spain,2017,LOAN_LT,EUR,21
ES,Spain,2018,LOAN_LT,EUR,18
ES,Spain,2019,LOAN_LT,EUR,17
ES,Spain,2020,LOAN_LT,EUR,44
ES,Spain,2021,LOAN_LT,EUR,20
ES,Spain,2022,LOAN_LT,EUR,11
ES,Spain,2009,LOAN_REJECTION,PT_ENT,22.74
ES,Spain,2010,LOAN_REJECTION,PT_ENT,15.87
ES,Spain,2011,LOAN_REJECTION,PT_ENT,12.83
ES,Spain,2012,LOAN_REJECTION,PT_ENT,18.47
ES,Spain,2013,LOAN_REJECTION,PT_ENT,12.85
ES,Spain,2014,LOAN_REJECTION,PT_ENT,9.77
ES,Spain,2015,LOAN_REJECTION,PT_ENT,7.87
ES,Spain,2016,LOAN_REJECTION,PT_ENT,6.95
ES,Spain,2017,LOAN_REJECTION,PT_ENT,4.75
ES,Spain,2018,LOAN_REJECTION,PT_ENT,5.95
ES,Spain,2019,LOAN_REJECTION,PT_ENT,4.38
ES,Spain,2020,LOAN_REJECTION,PT_ENT,4.05
ES,Spain,2021,LOAN_REJECTION,PT_ENT,5.87
ES,Spain,2022,LOAN_REJECTION,PT_ENT,6.39
ES,Spain,2007,LOAN_ST,PT_ENT,96.1928934
ES,Spain,2007,LOAN_ST,EUR,379
ES,Spain,2008,LOAN_ST,PT_ENT,96.91876751
ES,Spain,2008,LOAN_ST,EUR,346
ES,Spain,2009,LOAN_ST,PT_ENT,93.53612167
ES,Spain,2009,LOAN_ST,EUR,246
ES,Spain,2010,LOAN_ST,PT_ENT,93.33333333
ES,Spain,2010,LOAN_ST,EUR,196
ES,Spain,2011,LOAN_ST,PT_ENT,95.40229885
ES,Spain,2011,LOAN_ST,EUR,166
ES,Spain,2012,LOAN_ST,PT_ENT,95.20547945
ES,Spain,2012,LOAN_ST,EUR,139
ES,Spain,2013,LOAN_ST,PT_ENT,93.33333333
ES,Spain,2013,LOAN_ST,EUR,126
ES,Spain,2014,LOAN_ST,PT_ENT,92.46575342
ES,Spain,2014,LOAN_ST,EUR,135
ES,Spain,2015,LOAN_ST,PT_ENT,92.77108434
ES,Spain,2015,LOAN_ST,EUR,154
ES,Spain,2016,LOAN_ST,PT_ENT,90
ES,Spain,2016,LOAN_ST,EUR,153
ES,Spain,2017,LOAN_ST,PT_ENT,88.58695652
ES,Spain,2017,LOAN_ST,EUR,163
ES,Spain,2018,LOAN_ST,PT_ENT,89.71428571
ES,Spain,2018,LOAN_ST,EUR,157
ES,Spain,2019,LOAN_ST,PT_ENT,90.1734104
ES,Spain,2019,LOAN_ST,EUR,156
ES,Spain,2020,LOAN_ST,PT_ENT,74.56647399
ES,Spain,2020,LOAN_ST,EUR,129
ES,Spain,2021,LOAN_ST,PT_ENT,86.84210526
ES,Spain,2021,LOAN_ST,EUR,132
ES,Spain,2022,LOAN_ST,PT_ENT,93.60465116
ES,Spain,2022,LOAN_ST,EUR,161
ES,Spain,2010,NPL,PT_ENT,5.81
ES,Spain,2011,NPL,PT_ENT,7.84
ES,Spain,2012,NPL,PT_ENT,10.43
ES,Spain,2013,NPL,PT_ENT,13.62
ES,Spain,2014,NPL,PT_ENT,12.51
ES,Spain,2015,NPL,PT_ENT,10.12
ES,Spain,2016,NPL,PT_ENT,9.11
ES,Spain,2017,NPL,PT_ENT,7.79
ES,Spain,2019,NPL,PT_ENT,4.79
ES,Spain,2020,NPL,PT_ENT,4.51
ES,Spain,2021,NPL,PT_ENT,4.29
ES,Spain,2022,NPL,PT_ENT,3.54
ES,Spain,2007,PAYMENT_DELAYS,D,5
ES,Spain,2008,PAYMENT_DELAYS,D,5
ES,Spain,2009,PAYMENT_DELAYS,D,14
ES,Spain,2010,PAYMENT_DELAYS,D,12
ES,Spain,2011,PAYMENT_DELAYS,D,6
ES,Spain,2012,PAYMENT_DELAYS,D,9
ES,Spain,2013,PAYMENT_DELAYS,D,16
ES,Spain,2014,PAYMENT_DELAYS,D,11
ES,Spain,2015,PAYMENT_DELAYS,D,9
ES,Spain,2016,PAYMENT_DELAYS,D,7
ES,Spain,2017,PAYMENT_DELAYS,D,5
ES,Spain,2018,PAYMENT_DELAYS,D,2
ES,Spain,2020,PAYMENT_DELAYS,D,3
ES,Spain,2021,PAYMENT_DELAYS,D,2
ES,Spain,2008,VC,EUR,3336
ES,Spain,2009,VC,GR,7.793764988
ES,Spain,2009,VC,EUR,3596
ES,Spain,2010,VC,GR,0.111234705
ES,Spain,2010,VC,EUR,3600
ES,Spain,2011,VC,GR,-25.69444444
ES,Spain,2011,VC,EUR,2675
ES,Spain,2012,VC,GR,-19.81308411
ES,Spain,2012,VC,EUR,2145
ES,Spain,2013,VC,GR,-31.32867133
ES,Spain,2013,VC,EUR,1473
ES,Spain,2014,VC,GR,52.54582485
ES,Spain,2014,VC,EUR,2247
ES,Spain,2015,VC,GR,-15.35380507
ES,Spain,2015,VC,EUR,1902
ES,Spain,2016,VC,GR,-0.841219769
ES,Spain,2016,VC,EUR,1886
ES,Spain,2017,VC,GR,29.69247084
ES,Spain,2017,VC,EUR,2446
ES,Spain,2018,VC,GR,21.99509403
ES,Spain,2018,VC,EUR,2984
ES,Spain,2019,VC,GR,40.61662198
ES,Spain,2019,VC,EUR,4196
ES,Spain,2020,VC,GR,-0.738798856
ES,Spain,2020,VC,EUR,4165
ES,Spain,2021,VC,GR,24.68187275
ES,Spain,2021,VC,EUR,5193
